2025-04-11T16:06:26.865Z,1.3883195750920478,121.65585457509205,4.68,5.68,6.68
2025-04-11T16:06:27.874Z,1.388421988211796,121.6559569882118,4.79,5.79,6.79
2025-04-11T16:06:28.883Z,1.3885227581292767,121.65605775812928,4.89,5.89,6.89
2025-04-11T16:06:29.888Z,1.3886236545320045,121.656158654532,4.99,5.99,6.99
2025-04-11T16:06:30.894Z,1.3887240535502698,121.65625905355027,5.09,6.09,7.09
2025-04-11T16:06:31.902Z,1.3888247998063363,121.65635979980634,5.19,6.19,7.19
2025-04-11T16:06:32.913Z,1.3889256828795098,121.65646068287951,5.29,6.29,7.29
2025-04-11T16:06:33.922Z,1.389026791914823,121.65656179191483,5.39,6.39,7.39
2025-04-11T16:06:34.932Z,1.3891276055753607,121.65666260557536,5.49,6.49,7.49
2025-04-11T16:06:35.944Z,1.3892287383885034,121.6567637383885,5.59,6.59,7.59
2025-04-11T16:06:36.965Z,1.3893308224021368,121.65686582240214,5.7,6.7,7.7
2025-04-11T16:06:37.977Z,1.3894320390052073,121.65696703900521,5.8,6.8,7.8
2025-04-11T16:06:38.989Z,1.3895332787749268,121.65706827877493,5.9,6.9,7.9
2025-04-11T16:06:39.999Z,1.3896343694748268,121.65716936947483,6,7,8
2025-04-11T16:06:41.009Z,1.3897352665760465,121.65727026657605,1.1,2.1,3.1
2025-04-11T16:06:42.020Z,1.3898364560252432,121.65737145602525,1.2,2.2,3.2
2025-04-11T16:06:43.032Z,1.3899375615680967,121.6574725615681,1.3,2.3,3.3
2025-04-11T16:06:44.043Z,1.3900386872508008,121.6575736872508,1.4,2.4,3.4
2025-04-11T16:06:45.053Z,1.3901397535616908,121.6576747535617,1.5,2.5,3.5
2025-04-11T16:06:46.064Z,1.3902409134704996,121.6577759134705,1.61,2.61,3.61
2025-04-11T16:06:47.075Z,1.3903419454679735,121.65787694546798,1.71,2.71,3.71
2025-04-11T16:06:48.084Z,1.3904428847115398,121.65797788471154,1.81,2.81,3.81
2025-04-11T16:09:45.229Z,1.408157255859571,121.67569225585957,4.52,5.52,6.52
2025-04-11T16:09:46.236Z,1.4082581882055294,121.67579318820553,4.62,5.62,6.62
2025-04-11T16:09:47.242Z,1.408358969793646,121.67589396979365,4.72,5.72,6.72
2025-04-11T16:09:48.247Z,1.4084594299590592,121.67599442995906,4.82,5.82,6.82
2025-04-11T16:09:49.253Z,1.4085599795023356,121.67609497950234,4.92,5.92,6.92
2025-04-11T16:09:50.260Z,1.4086607297456268,121.67619572974563,5.03,6.03,7.03
2025-04-11T16:09:51.268Z,1.4087613970430013,121.676296397043,5.13,6.13,7.13
2025-04-11T16:09:52.275Z,1.4088621744692702,121.67639717446927,5.23,6.23,7.23
2025-04-11T16:09:53.284Z,1.4089629510806319,121.67649795108063,5.33,6.33,7.33
2025-04-11T16:09:54.296Z,1.409063974463372,121.67659897446337,5.43,6.43,7.43
2025-04-11T16:09:55.306Z,1.409165017083744,121.67670001708375,5.53,6.53,7.53
2025-04-11T16:09:56.316Z,1.4092660913399797,121.67680109133998,5.63,6.63,7.63
2025-04-11T16:09:57.328Z,1.4093671337857288,121.67690213378573,5.73,6.73,7.73
2025-04-11T16:09:58.337Z,1.4094682263773777,121.67700322637738,5.83,6.83,7.83
2025-04-11T16:09:59.347Z,1.4095691679783542,121.67710416797836,5.93,6.93,7.93
2025-04-11T16:10:00.357Z,1.4096700979960062,121.67720509799601,1.04,2.04,3.04
2025-04-11T16:10:01.368Z,1.4097711795864072,121.67730617958641,1.14,2.14,3.14
2025-04-11T16:10:02.378Z,1.409872312719692,121.6774073127197,1.24,2.24,3.24
2025-04-11T16:10:03.390Z,1.4099733940772623,121.67750839407726,1.34,2.34,3.34
2025-04-11T16:10:04.400Z,1.4100743994738352,121.67760939947384,1.44,2.44,3.44
2025-04-11T16:10:05.412Z,1.41017556383553,121.67771056383553,1.54,2.54,3.54
2025-04-11T16:10:06.422Z,1.4102766506355167,121.67781165063552,1.64,2.64,3.64
2025-04-11T16:10:07.432Z,1.4103776611252599,121.67791266112526,1.74,2.74,3.74
2025-04-11T16:10:08.441Z,1.410478764310703,121.6780137643107,1.84,2.84,3.84
2025-04-11T16:10:09.449Z,1.410579541387726,121.67811454138773,1.94,2.94,3.94
2025-04-11T16:10:10.459Z,1.4106802565900054,121.67821525659001,2.05,3.05,4.05
2025-04-11T16:10:11.468Z,1.4107813506659497,121.67831635066595,2.15,3.15,4.15
2025-04-11T16:10:12.478Z,1.4108823241356205,121.67841732413562,2.25,3.25,4.25
2025-04-11T16:10:13.487Z,1.4109831250777845,121.67851812507779,2.35,3.35,4.35
2025-04-11T16:10:14.495Z,1.4110841619647019,121.6786191619647,2.45,3.45,4.45
2025-04-11T16:10:15.504Z,1.411184924082356,121.67871992408236,2.55,3.55,4.55
2025-04-11T16:10:16.512Z,1.4112857755487695,121.67882077554877,2.65,3.65,4.65
2025-04-11T16:10:17.528Z,1.4113873687263023,121.6789223687263,2.75,3.75,4.75
2025-04-11T16:10:18.535Z,1.4114881666416679,121.67902316664167,2.85,3.85,4.85
2025-04-11T16:10:19.542Z,1.4115889048068695,121.67912390480687,2.95,3.95,4.95
2025-04-11T16:10:20.550Z,1.4116895781578407,121.67922457815784,3.05,4.05,5.05
2025-04-11T16:10:21.561Z,1.4117904598340303,121.67932545983403,3.16,4.16,5.16
2025-04-11T16:10:22.570Z,1.411891422156934,121.67942642215694,3.26,4.26,5.26
2025-04-11T16:10:23.579Z,1.4119924549111076,121.67952745491111,3.36,4.36,5.36
2025-04-11T16:10:24.586Z,1.4120932796019972,121.679628279602,3.46,4.46,5.46
2025-04-11T16:10:25.594Z,1.4121939603162375,121.67972896031624,3.56,4.56,5.56
2025-04-11T16:10:26.600Z,1.4122946233935565,121.67982962339356,3.66,4.66,5.66
2025-04-11T16:10:27.606Z,1.4123953622863539,121.67993036228636,3.76,4.76,5.76
2025-04-11T16:10:28.612Z,1.41249589678295,121.68003089678295,3.86,4.86,5.86
2025-04-11T16:10:29.621Z,1.4125966330564026,121.6801316330564,3.96,4.96,5.96
2025-04-11T16:10:30.629Z,1.4126975034985136,121.68023250349852,4.06,5.06,6.06
2025-04-11T16:10:31.638Z,1.4127982817396898,121.68033328173969,4.16,5.16,6.16
2025-04-11T16:10:32.645Z,1.4128992397843305,121.68043423978433,4.26,5.26,6.26
2025-04-11T16:10:33.654Z,1.4129999571693972,121.6805349571694,4.36,5.36,6.36
2025-04-11T16:11:08.249Z,1.4164590197130948,121.6839940197131,2.82,3.82,4.82
2025-04-11T16:11:09.254Z,1.4165601868687574,121.68409518686876,2.93,3.93,4.93
2025-04-11T16:11:10.259Z,1.4166607395261437,121.68419573952615,3.03,4.03,5.03
2025-04-11T16:11:11.266Z,1.4167611576947294,121.68429615769473,3.13,4.13,5.13
2025-04-11T16:11:12.274Z,1.4168620637890328,121.68439706378904,3.23,4.23,5.23
2025-04-11T16:11:13.280Z,1.4169627645558123,121.68449776455581,3.33,4.33,5.33
2025-04-11T16:11:14.286Z,1.4170633142737117,121.68459831427371,3.43,4.43,5.43
2025-04-11T16:11:15.292Z,1.4171640337542541,121.68469903375426,3.53,4.53,5.53
2025-04-11T16:11:16.296Z,1.4172644598972894,121.68479945989729,3.63,4.63,5.63
2025-04-11T16:11:17.302Z,1.4173649672691155,121.68489996726912,3.73,4.73,5.73
2025-04-11T16:11:18.308Z,1.4174655690828715,121.68500056908287,3.83,4.83,5.83
2025-04-11T16:11:19.312Z,1.4175660649877884,121.68510106498779,3.93,4.93,5.93
2025-04-11T16:11:20.320Z,1.4176665236106984,121.6852015236107,4.03,5.03,6.03
2025-04-11T16:11:21.328Z,1.4177675045600537,121.68530250456006,4.13,5.13,6.13
2025-04-11T16:11:22.336Z,1.417868208295424,121.68540320829543,4.23,5.23,6.23
2025-04-11T16:11:23.346Z,1.4179689720719963,121.685503972072,4.33,5.33,6.33
2025-04-11T16:11:24.355Z,1.4180701030807015,121.6856051030807,4.44,5.44,6.44
2025-04-11T16:11:25.363Z,1.4181708467174232,121.68570584671743,4.54,5.54,6.54
2025-04-11T16:11:26.372Z,1.4182716281600207,121.68580662816002,4.64,5.64,6.64
2025-04-11T16:11:27.382Z,1.418372695809687,121.68590769580969,4.74,5.74,6.74
2025-04-11T16:11:28.389Z,1.4184736258564428,121.68600862585645,4.84,5.84,6.84
2025-04-11T16:11:29.398Z,1.418574347432461,121.68610934743246,4.94,5.94,6.94
2025-04-11T16:11:30.408Z,1.4186752954071764,121.68621029540718,5.04,6.04,7.04
2025-04-11T16:11:31.420Z,1.4187762463213787,121.68631124632138,5.14,6.14,7.14
2025-04-11T16:11:32.433Z,1.4188777162150856,121.68641271621509,5.24,6.24,7.24
2025-04-11T16:11:33.444Z,1.4189789428589776,121.68651394285898,5.34,6.34,7.34
2025-04-11T16:11:34.453Z,1.4190799652230837,121.68661496522309,5.44,6.44,7.44
2025-04-11T16:11:35.460Z,1.4191806966070928,121.6867156966071,5.55,6.55,7.55
2025-04-11T16:11:36.468Z,1.4192814504301552,121.68681645043016,5.65,6.65,7.65
2025-04-11T16:11:37.478Z,1.4193822087934151,121.68691720879342,5.75,6.75,7.75
2025-04-11T16:11:38.489Z,1.4194833677126937,121.6870183677127,5.85,6.85,7.85
2025-04-11T16:11:39.500Z,1.4195844328012228,121.68711943280123,5.95,6.95,7.95
2025-04-11T16:11:40.507Z,1.419685335141132,121.68722033514113,1.05,2.05,3.05
2025-04-11T16:11:41.517Z,1.419786094872272,121.68732109487227,1.15,2.15,3.15
2025-04-11T16:11:42.527Z,1.4198872028307434,121.68742220283075,1.25,2.25,3.25
2025-04-11T16:11:43.536Z,1.4199881244373884,121.68752312443739,1.35,2.35,3.35
2025-04-11T16:12:28.731Z,1.4245073215668,121.6920423215668,5.87,6.87,7.87
2025-04-11T16:12:29.738Z,1.4246083035638932,121.6921433035639,5.97,6.97,7.97
2025-04-11T16:12:30.746Z,1.4247092803805046,121.6922442803805,1.07,2.07,3.07
2025-04-11T16:12:31.758Z,1.424810036968431,121.69234503696843,1.18,2.18,3.18
2025-04-11T16:12:32.766Z,1.4249113035427783,121.69244630354278,1.28,2.28,3.28
2025-04-11T16:12:33.775Z,1.4250120413878378,121.69254704138784,1.38,2.38,3.38
2025-04-11T16:12:34.782Z,1.4251129577266894,121.69264795772669,1.48,2.48,3.48
2025-04-11T16:12:35.793Z,1.4252138013350688,121.69274880133507,1.58,2.58,3.58
2025-04-11T16:12:36.805Z,1.4253148071681991,121.6928498071682,1.68,2.68,3.68
2025-04-11T16:12:37.817Z,1.4254161268279333,121.69295112682794,1.78,2.78,3.78
2025-04-11T16:12:38.830Z,1.4255174051311243,121.69305240513113,1.88,2.88,3.88
2025-04-11T16:12:39.846Z,1.4256186492373146,121.69315364923732,1.98,2.98,3.98
2025-04-11T16:12:40.859Z,1.4257201579555314,121.69325515795553,2.09,3.09,4.09
2025-04-11T16:12:41.872Z,1.425821409395887,121.69335640939589,2.19,3.19,4.19
2025-04-11T16:12:42.884Z,1.425922782111904,121.6934577821119,2.29,3.29,4.29
2025-04-11T16:12:43.902Z,1.426024359311434,121.69355935931144,2.39,3.39,4.39
2025-04-11T16:12:44.915Z,1.4261259753063698,121.69366097530637,2.49,3.49,4.49
2025-04-11T16:12:45.929Z,1.4262271152499508,121.69376211524995,2.59,3.59,4.59
2025-04-11T16:12:46.941Z,1.4263285494332578,121.69386354943326,2.69,3.69,4.69
2025-04-11T16:12:47.951Z,1.4264296111166388,121.69396461111664,2.79,3.79,4.79
2025-04-11T16:12:48.962Z,1.4265305620017372,121.69406556200174,2.9,3.9,4.9
2025-04-11T16:12:49.973Z,1.4266317298558917,121.6941667298559,3,4,5
2025-04-11T16:12:50.984Z,1.4267328172961626,121.69426781729616,3.1,4.1,5.1
2025-04-11T16:12:51.996Z,1.42683394999289,121.69436894999289,3.2,4.2,5.2
2025-04-11T16:12:53.007Z,1.426935113277743,121.69447011327775,3.3,4.3,5.3
2025-04-11T16:12:54.018Z,1.4270362402992234,121.69457124029923,3.4,4.4,5.4
2025-04-11T16:12:55.030Z,1.4271373410399448,121.69467234103995,3.5,4.5,5.5
2025-04-11T16:12:56.041Z,1.4272386310428757,121.69477363104288,3.6,4.6,5.6
2025-04-11T16:12:57.049Z,1.4273395493607879,121.69487454936079,3.7,4.7,5.7
2025-04-11T16:12:58.058Z,1.4274403115657535,121.69497531156576,3.81,4.81,5.81
2025-04-11T16:12:59.069Z,1.4275412058439017,121.6950762058439,3.91,4.91,5.91
2025-04-11T16:13:00.081Z,1.427642582809078,121.69517758280908,4.01,5.01,6.01
2025-04-11T16:13:01.090Z,1.4277435253704809,121.69527852537048,4.11,5.11,6.11
2025-04-11T16:13:02.100Z,1.427844526430583,121.69537952643059,4.21,5.21,6.21
2025-04-11T16:13:03.109Z,1.427945438956833,121.69548043895684,4.31,5.31,6.31
2025-04-11T16:13:04.121Z,1.4280463865240947,121.6955813865241,4.41,5.41,6.41
2025-04-11T16:13:05.131Z,1.4281475535051342,121.69568255350514,4.51,5.51,6.51
2025-04-11T16:13:06.140Z,1.4282485290120732,121.69578352901208,4.61,5.61,6.61
2025-04-11T16:13:07.151Z,1.428349550212026,121.69588455021203,4.71,5.71,6.71
2025-04-11T16:13:08.159Z,1.4284504479244262,121.69598544792443,4.82,5.82,6.82
2025-04-11T16:13:09.170Z,1.4285513616439331,121.69608636164394,4.92,5.92,6.92
2025-04-11T16:13:10.179Z,1.4286523736761794,121.69618737367618,5.02,6.02,7.02
2025-04-11T16:13:11.188Z,1.428753340655696,121.6962883406557,5.12,6.12,7.12
2025-04-11T16:13:12.199Z,1.4288543693353333,121.69638936933534,5.22,6.22,7.22
2025-04-11T16:13:46.094Z,1.4322437136822757,121.69977871368228,1.87,3.74,5.61
2025-04-11T16:13:47.101Z,1.432344674899234,121.69987967489924,2.68,4.64,6.61
2025-04-11T16:13:48.107Z,1.4324454576806076,121.69998045768061,3.48,5.53,7.58
2025-04-11T16:13:49.117Z,1.4325462282674764,121.70008122826748,4.29,6.41,3.54
2025-04-11T16:13:50.124Z,1.4326472245254465,121.70018222452545,5.1,2.32,4.54
2025-04-11T16:13:51.130Z,1.4327476975547526,121.70028269755475,5.9,3.17,5.44
2025-04-11T16:13:52.135Z,1.4328483871165574,121.70038338711656,1.71,4.05,6.38
2025-04-11T16:13:53.140Z,1.4329488043538205,121.70048380435382,2.51,4.89,7.27
2025-04-11T16:13:54.150Z,1.4330493958648205,121.70058439586482,3.32,5.75,3.19
2025-04-11T16:13:55.161Z,1.433150446110396,121.7006854461104,4.12,6.67,4.21
2025-04-11T16:13:56.171Z,1.4332515464727678,121.70078654647277,4.93,2.59,5.24
2025-04-11T16:13:57.182Z,1.43335264022857,121.70088764022857,5.74,3.51,6.27
2025-04-11T16:13:58.194Z,1.433453795771804,121.7009887957718,1.55,4.43,7.31
2025-04-11T16:13:59.205Z,1.4335550182829522,121.70109001828295,2.36,5.36,3.36
2025-04-11T16:14:00.217Z,1.433656079646191,121.7011910796462,3.17,6.28,4.38
2025-04-11T16:14:01.228Z,1.4337571995663367,121.70129219956634,3.98,2.2,5.42
2025-04-11T16:14:02.235Z,1.4338582687876098,121.70139326878761,4.79,3.11,6.44
2025-04-11T16:14:03.246Z,1.433959034164893,121.7014940341649,5.59,4,7.4
2025-04-11T16:14:04.257Z,1.4340601712271948,121.7015951712272,1.4,4.92,3.44
2025-04-11T16:14:05.269Z,1.4341611977822524,121.70169619778225,2.21,5.83,4.45
2025-04-11T16:14:06.279Z,1.4342623293439303,121.70179732934393,3.02,6.75,5.48
2025-04-11T16:14:07.289Z,1.4343633583728135,121.70189835837282,3.83,2.66,6.5
2025-04-11T16:14:08.299Z,1.434464430766404,121.7019994307664,4.64,3.58,7.52
2025-04-11T16:14:09.310Z,1.4345653457955834,121.70210034579559,5.44,4.48,3.51
2025-04-11T16:14:10.321Z,1.4346664720603641,121.70220147206037,1.25,5.4,4.55
2025-04-11T16:14:11.332Z,1.4347676533604883,121.70230265336049,2.06,6.33,5.59
2025-04-11T16:14:12.343Z,1.4348687484841705,121.70240374848417,2.87,2.24,6.62
2025-04-11T16:14:13.352Z,1.4349698804824058,121.70250488048241,3.68,3.17,7.66
2025-04-11T16:14:14.362Z,1.4350706808133893,121.70260568081339,4.49,4.05,3.62
2025-04-11T16:14:15.371Z,1.4351716936896466,121.70270669368965,5.29,4.96,4.63
2025-04-11T16:14:16.386Z,1.4352727397442706,121.70280773974427,1.1,5.88,5.65
2025-04-11T16:14:17.407Z,1.4353744250354268,121.70290942503543,1.92,6.86,6.8
2025-04-11T16:14:18.420Z,1.4354764425177038,121.7030114425177,2.73,2.88,3.02
2025-04-11T16:14:19.430Z,1.435577559614778,121.70311255961478,3.54,3.8,4.05
2025-04-11T16:14:20.439Z,1.435678438293273,121.70321343829328,4.35,4.69,5.04
2025-04-11T16:14:21.448Z,1.4357792960752178,121.70331429607522,5.15,5.58,6.01
2025-04-11T16:14:22.455Z,1.435880142477565,121.70341514247757,5.96,6.48,6.99
2025-04-11T16:14:23.464Z,1.435980917313593,121.7035159173136,1.77,2.36,7.95
2025-04-11T16:14:24.473Z,1.4360817761723794,121.70361677617238,2.57,3.25,3.93
2025-04-11T16:14:25.482Z,1.4361826958872754,121.70371769588728,3.38,4.15,4.92
2025-04-11T16:14:26.493Z,1.4362837342002805,121.70381873420028,4.19,5.06,5.94
2025-04-11T16:14:27.505Z,1.4363849221069742,121.70391992210698,5,5.99,6.98
2025-04-11T16:14:28.516Z,1.4364860613811672,121.70402106138117,5.81,6.91,3.02
2025-04-11T16:14:29.526Z,1.4365871676807203,121.70412216768072,1.62,2.83,4.05
2025-04-11T16:14:30.537Z,1.436688126220126,121.70422312622013,2.43,3.74,5.05
2025-04-11T16:14:31.549Z,1.4367893074329388,121.70432430743294,3.23,4.67,6.1
2025-04-11T16:14:32.560Z,1.436890600637291,121.7044256006373,4.04,5.6,7.16
2025-04-11T16:14:33.571Z,1.4369915192753453,121.70452651927535,4.85,6.5,3.16
2025-04-11T16:14:34.582Z,1.4370926621002056,121.70462766210021,5.66,2.43,4.19
2025-04-11T16:14:35.590Z,1.4371936949125867,121.70472869491259,1.47,3.34,5.21
2025-04-11T16:14:36.599Z,1.4372944951562587,121.70482949515626,2.28,4.23,6.17
2025-04-11T16:14:37.608Z,1.4373952273260713,121.70493022732607,3.08,5.1,7.13
2025-04-11T16:14:38.618Z,1.4374964237601873,121.70503142376019,3.89,6.03,3.18
2025-04-11T16:14:39.629Z,1.437597380087702,121.7051323800877,4.7,6.94,4.18
2025-04-11T16:14:40.639Z,1.4376984485522755,121.70523344855228,5.51,2.85,5.2
2025-04-11T16:14:41.650Z,1.4377995032216333,121.70533450322164,1.32,3.77,6.22
2025-04-11T16:14:42.661Z,1.4379005353937302,121.70543553539373,2.12,4.68,7.23
2025-04-11T16:14:43.674Z,1.4380018637846135,121.70553686378462,2.93,5.62,3.31
2025-04-11T16:14:44.683Z,1.4381028665618416,121.70563786656184,3.74,6.53,4.32
2025-04-11T16:14:45.694Z,1.4382038810679134,121.70573888106792,4.55,2.44,5.33
2025-04-11T16:14:46.705Z,1.4383050157437012,121.7058400157437,5.36,3.36,6.36
2025-04-11T16:14:47.715Z,1.4384060102263376,121.70594101022634,1.17,4.27,7.37
2025-04-11T16:14:48.724Z,1.4385069326769937,121.706041932677,1.98,5.17,3.36
2025-04-11T16:14:49.744Z,1.4386081337968264,121.70614313379683,2.79,6.11,4.43
2025-04-11T16:14:50.756Z,1.4387101873387493,121.70624518733875,3.6,2.12,5.64
2025-04-11T16:14:51.766Z,1.4388111356918145,121.70634613569182,4.41,3.02,6.64
2025-04-11T16:14:52.776Z,1.4389121950177852,121.70644719501779,5.22,3.94,7.66
2025-04-11T16:14:53.786Z,1.4390132286741775,121.70654822867418,1.03,4.85,3.67
2025-04-11T16:14:54.797Z,1.4391142029587556,121.70664920295876,1.83,5.75,4.67
2025-04-11T16:14:55.807Z,1.4392152419993565,121.70675024199936,2.64,6.67,5.69
2025-04-11T16:14:56.816Z,1.4393161114519373,121.70685111145194,3.45,2.56,6.67
2025-04-11T16:14:57.827Z,1.4394171775882043,121.7069521775882,4.26,3.48,7.69
2025-04-11T16:14:58.836Z,1.439518242589422,121.70705324258942,5.07,4.39,3.71
2025-04-11T16:14:59.847Z,1.439619173101839,121.70715417310184,5.87,5.29,4.71
2025-04-11T16:15:00.857Z,1.4397202455827411,121.70725524558274,1.68,6.21,5.73
2025-04-11T16:15:01.867Z,1.4398212355833877,121.70735623558339,2.49,2.11,6.74
2025-04-11T16:15:02.875Z,1.4399221390292425,121.70745713902924,3.3,3.01,7.72
2025-04-11T16:15:03.883Z,1.4400230085982386,121.70755800859824,4.1,3.9,3.71
2025-04-11T16:15:04.900Z,1.4401244769785464,121.70765947697855,4.92,4.86,4.81
2025-04-11T16:15:05.911Z,1.4402256588316433,121.70776065883165,5.73,5.79,5.86
2025-04-11T16:15:06.920Z,1.4403265876269344,121.70786158762694,1.53,6.69,6.85
2025-04-11T16:15:07.927Z,1.4404274190699127,121.70796241906991,2.34,2.58,7.82
2025-04-11T16:15:08.933Z,1.4405280744638205,121.70806307446382,3.14,3.45,3.76
2025-04-11T16:15:09.941Z,1.4406286304390434,121.70816363043905,3.95,4.31,4.68
2025-04-11T16:15:10.949Z,1.4407295800435733,121.70826458004358,4.76,5.21,5.67
2025-04-11T16:15:11.958Z,1.4408304789783344,121.70836547897834,5.56,6.11,6.66
2025-04-11T16:15:12.968Z,1.4409313111780122,121.70846631117801,1.37,2,7.63
2025-04-11T16:15:13.978Z,1.4410322827268303,121.70856728272683,2.18,2.91,3.63
2025-04-11T16:15:14.988Z,1.4411333667037454,121.70866836670375,2.99,3.82,4.66
2025-04-11T16:15:15.995Z,1.4412343390965745,121.70876933909658,3.79,4.73,5.66
2025-04-11T16:15:17.002Z,1.4413349560152184,121.70886995601522,4.6,5.6,6.59
2025-04-11T16:15:18.008Z,1.4414355616997838,121.70897056169979,5.4,6.46,7.52
2025-04-11T16:15:19.017Z,1.4415362692477558,121.70907126924776,1.21,2.34,3.46
2025-04-11T16:15:20.026Z,1.44163720368919,121.70917220368919,2.02,3.24,4.46
2025-04-11T16:15:21.036Z,1.4417381909249727,121.70927319092497,2.83,4.14,5.46
2025-04-11T16:15:22.045Z,1.4418389889276497,121.70937398892765,3.63,5.03,6.43
2025-04-11T16:15:23.056Z,1.4419401334114283,121.70947513341143,4.44,5.95,7.47
2025-04-11T16:15:24.066Z,1.4420411546986927,121.7095761546987,5.25,6.86,3.48
2025-04-11T16:15:25.075Z,1.4421421887334347,121.70967718873344,1.06,2.78,4.5
2025-04-11T16:15:26.085Z,1.4422430493966587,121.70977804939666,1.86,3.67,5.47
2025-04-11T16:15:27.096Z,1.4423441025526174,121.70987910255262,2.67,4.58,6.49
2025-04-11T16:15:28.106Z,1.4424451689799227,121.70998016897992,3.48,5.5,7.52
2025-04-11T16:15:29.116Z,1.4425461530724917,121.7100811530725,4.29,6.4,3.52
2025-04-11T16:15:30.127Z,1.4426471850990694,121.71018218509907,5.1,2.32,4.53
2025-04-11T16:15:31.139Z,1.442748243406406,121.71028324340641,5.91,3.23,5.55
2025-04-11T16:15:32.149Z,1.4428493873663157,121.71038438736632,1.72,4.15,6.59
2025-04-11T16:15:33.155Z,1.442950145176603,121.7104851451766,2.52,5.04,7.55
2025-04-11T16:15:34.163Z,1.443050901793633,121.71058590179364,3.33,5.92,3.51
2025-04-11T16:15:35.170Z,1.4431515686253462,121.71068656862535,4.13,6.79,4.45
2025-04-11T16:15:36.185Z,1.4432524637475055,121.71078746374751,4.94,2.69,5.43
2025-04-11T16:15:37.198Z,1.4433542757858433,121.71088927578585,5.75,3.68,6.61
2025-04-11T16:15:38.205Z,1.4434550622634035,121.7109900622634,1.56,4.57,7.57
2025-04-11T16:15:39.213Z,1.4435559267101254,121.71109092671013,2.37,5.46,3.55
2025-04-11T16:15:40.221Z,1.44365672651724,121.71119172651724,3.17,6.35,4.52
2025-04-11T16:15:41.230Z,1.4437575601139017,121.7112925601139,3.98,2.24,5.49
2025-04-11T16:15:42.240Z,1.4438585021514356,121.71139350215144,4.79,3.14,6.49
2025-04-11T16:15:43.249Z,1.4439594831589986,121.711494483159,5.6,4.04,7.49
2025-04-11T16:15:44.260Z,1.444060407937961,121.71159540793796,1.4,4.94,3.48
2025-04-11T16:15:45.271Z,1.4441615538187236,121.71169655381873,2.21,5.87,4.52
2025-04-11T16:15:46.282Z,1.4442626390471034,121.7117976390471,3.02,6.79,5.55
2025-04-11T16:15:47.292Z,1.4443636787861962,121.7118986787862,3.83,2.7,6.57
2025-04-11T16:15:48.302Z,1.4444647416046266,121.71199974160463,4.64,3.61,7.59
2025-04-11T16:15:49.313Z,1.4445657127168872,121.71210071271689,5.45,4.52,3.59
2025-04-11T16:15:50.321Z,1.4446666140672662,121.71220161406727,1.25,5.41,4.58
2025-04-11T16:15:51.330Z,1.444767537740283,121.71230253774029,2.06,6.31,5.57
2025-04-11T16:15:52.339Z,1.4448683576290406,121.71240335762904,2.87,2.2,6.54
2025-04-11T16:15:53.348Z,1.4449692709993016,121.7125042709993,3.67,3.1,7.53
2025-04-11T16:15:54.358Z,1.4450702228739303,121.71260522287393,4.48,4,3.53
2025-04-11T16:15:55.369Z,1.4451713097321246,121.71270630973213,5.29,4.92,4.55
2025-04-11T16:15:56.379Z,1.4452722781086251,121.71280727810863,1.1,5.83,5.55
2025-04-11T16:15:57.389Z,1.4453732716308352,121.71290827163084,1.91,6.73,6.56
2025-04-11T16:15:58.398Z,1.4454744648926336,121.71300946489264,2.72,2.66,7.61
2025-04-11T16:15:59.408Z,1.4455752487217453,121.71311024872175,3.52,3.55,3.57
2025-04-11T16:16:00.419Z,1.4456763436999083,121.71321134369991,4.33,4.47,4.6
2025-04-11T16:16:01.429Z,1.445777346535344,121.71331234653535,5.14,5.37,5.61
2025-04-11T16:16:02.442Z,1.4458784035039045,121.7134134035039,5.95,6.29,6.63
2025-04-11T16:16:03.451Z,1.4459797850092784,121.71351478500928,1.76,2.24,7.72
2025-04-11T16:16:04.457Z,1.4460803932840847,121.71361539328409,2.56,3.1,3.64
2025-04-11T16:16:05.464Z,1.4461810084856026,121.7137160084856,3.37,3.97,4.57
2025-04-11T16:16:06.470Z,1.446281776220296,121.7138167762203,4.17,4.85,5.53
2025-04-11T16:16:07.476Z,1.4463822668574196,121.71391726685742,4.98,5.7,6.43
2025-04-11T16:16:08.483Z,1.446482992537078,121.71401799253708,5.78,6.58,7.38
2025-04-11T16:16:09.489Z,1.4465836065453388,121.71411860654534,1.59,2.45,3.31
2025-04-11T16:16:10.496Z,1.4466842660428867,121.71421926604289,2.39,3.32,4.25
2025-04-11T16:16:11.504Z,1.4467848599986084,121.71431985999861,3.2,4.18,5.17
2025-04-11T16:16:12.515Z,1.4468860016593155,121.71442100165932,4.01,5.11,6.21
2025-04-11T16:16:13.525Z,1.4469870464624748,121.71452204646248,4.82,6.02,7.23
2025-04-11T16:16:14.534Z,1.4470879818934392,121.71462298189344,5.62,6.92,3.22
2025-04-11T16:16:15.544Z,1.447188875909653,121.71472387590966,1.43,2.82,4.21
2025-04-11T16:16:16.554Z,1.4472899052004706,121.71482490520047,2.24,3.73,5.22
2025-04-11T16:16:17.564Z,1.4473908495372072,121.71492584953721,3.05,4.63,6.22
2025-04-11T16:16:18.574Z,1.4474919111332767,121.71502691113328,3.86,5.55,7.24
2025-04-11T16:16:19.584Z,1.4475929229326923,121.7151279229327,4.66,6.46,3.25
2025-04-11T16:16:20.595Z,1.4476939165422138,121.71522891654222,5.47,2.36,4.25
2025-04-11T16:16:21.601Z,1.4477948049122844,121.71532980491229,1.28,3.26,5.24
2025-04-11T16:16:22.606Z,1.4478953925815787,121.71543039258158,2.08,4.12,6.16
2025-04-11T16:16:23.612Z,1.4479959281550165,121.71553092815502,2.89,4.98,7.07
2025-04-11T16:16:24.618Z,1.448096531947833,121.71563153194784,3.69,5.85,8
2025-04-11T16:16:25.623Z,1.4481970529984594,121.71573205299846,4.5,6.7,3.91
2025-04-11T16:16:26.628Z,1.4482975220405407,121.71583252204054,5.3,2.55,4.8
2025-04-11T16:16:27.636Z,1.4483982652698089,121.71593326526981,1.11,3.43,5.76
2025-04-11T16:16:28.643Z,1.4484990469161332,121.71603404691614,1.91,4.32,6.72
2025-04-11T16:16:29.648Z,1.4485995486127123,121.71613454861271,2.72,5.17,7.63
2025-04-11T16:16:30.653Z,1.4487001059267115,121.71623510592671,3.52,6.03,3.54
2025-04-11T16:16:31.657Z,1.4488006179842543,121.71633561798426,4.32,6.89,4.45
2025-04-11T16:16:32.663Z,1.4489010550703298,121.71643605507033,5.13,2.73,5.34
2025-04-11T16:16:33.668Z,1.4490015226572197,121.71653652265722,5.93,3.58,6.24
2025-04-11T16:16:34.674Z,1.4491020781085737,121.71663707810858,1.74,4.44,7.15
2025-04-11T16:16:35.680Z,1.4492027560288463,121.71673775602885,2.54,5.32,3.09
2025-04-11T16:16:36.685Z,1.4493032946290825,121.71683829462908,3.35,6.18,4.01
2025-04-11T16:16:37.693Z,1.4494038178042885,121.71693881780429,4.15,2.03,4.91
2025-04-11T16:16:38.701Z,1.4495047251500566,121.71703972515006,4.96,2.93,5.9
2025-04-11T16:16:39.708Z,1.449605478798496,121.7171404787985,5.76,3.81,6.86
2025-04-11T16:16:40.714Z,1.4497061626268462,121.71724116262685,1.57,4.69,7.8
2025-04-11T16:16:41.718Z,1.44980667279264,121.71734167279264,2.37,5.54,3.71
2025-04-11T16:16:42.723Z,1.4499071530979037,121.7174421530979,3.18,6.39,4.61
2025-04-11T16:16:43.728Z,1.4500075615167063,121.71754256151671,3.98,2.24,5.49
2025-04-11T16:16:44.736Z,1.4501081401638132,121.71764314016382,4.79,3.1,6.41
2025-04-11T16:16:45.743Z,1.450208953125859,121.71774395312586,5.59,3.99,7.38
2025-04-11T16:16:46.752Z,1.4503098283409983,121.717844828341,1.4,4.88,3.36
2025-04-11T16:16:47.764Z,1.450410615924504,121.7179456159245,2.2,5.77,4.33
2025-04-11T16:16:48.774Z,1.4505118761833202,121.71804687618332,3.02,6.7,5.39
2025-04-11T16:16:49.788Z,1.4506130206088912,121.7181480206089,3.82,2.63,6.43
2025-04-11T16:16:50.796Z,1.450714326939071,121.71824932693907,4.63,3.57,7.5
2025-04-11T16:16:51.806Z,1.4508149523269296,121.71834995232693,5.44,4.43,3.43
2025-04-11T16:16:52.815Z,1.450916114185695,121.7184511141857,1.25,5.36,4.47
2025-04-11T16:16:53.827Z,1.4510171110839494,121.71855211108395,2.06,6.27,5.48
2025-04-11T16:16:54.838Z,1.4511181907243937,121.7186531907244,2.87,2.18,6.5
2025-04-11T16:16:55.848Z,1.4512193049692925,121.7187543049693,3.67,3.1,7.54
2025-04-11T16:16:56.858Z,1.4513203295161858,121.71885532951619,4.48,4.02,3.55
2025-04-11T16:16:57.868Z,1.4514212618330404,121.71895626183304,5.29,4.92,4.54
2025-04-11T16:16:58.880Z,1.4515224180747666,121.71905741807477,1.1,5.84,5.58
2025-04-11T16:16:59.890Z,1.451623541312749,121.71915854131275,1.91,6.76,6.62
2025-04-11T16:17:00.900Z,1.4517245717095122,121.71925957170951,2.72,2.67,7.63
2025-04-11T16:17:01.910Z,1.4518254390084095,121.71936043900841,3.52,3.57,3.61
2025-04-11T16:17:02.922Z,1.451926575634154,121.71946157563416,4.33,4.49,4.65
2025-04-11T16:17:03.935Z,1.4520278463412453,121.71956284634125,5.14,5.43,5.71
2025-04-11T16:17:04.945Z,1.452129116640883,121.71966411664089,5.95,6.36,6.78
2025-04-11T16:17:05.955Z,1.4522299564366605,121.71976495643666,1.76,2.26,7.75
2025-04-11T16:17:06.967Z,1.4523310148895163,121.71986601488952,2.57,3.17,3.77
2025-04-11T16:17:07.977Z,1.452432229571734,121.71996722957174,3.38,4.1,4.82
2025-04-11T16:17:08.987Z,1.4525330580170177,121.72006805801702,4.18,4.99,5.8
2025-04-11T16:17:09.998Z,1.4526343070417553,121.72016930704176,4.99,5.93,6.86
2025-04-11T16:17:11.009Z,1.4527353235559914,121.720270323556,5.8,6.83,7.87
2025-04-11T16:17:12.021Z,1.4528365637622684,121.72037156376227,1.61,2.77,3.93
2025-04-11T16:17:13.033Z,1.4529377004171167,121.72047270041712,2.42,3.69,4.96
2025-04-11T16:17:14.044Z,1.4530388156806495,121.72057381568065,3.23,4.61,5.99
2025-04-11T16:17:15.056Z,1.4531400334187694,121.72067503341877,4.04,5.54,7.05
2025-04-11T16:17:16.068Z,1.4532410913477563,121.72077609134776,4.85,6.46,3.07
2025-04-11T16:17:17.080Z,1.4533424305652645,121.72087743056527,5.66,2.4,4.15
2025-04-11T16:17:18.091Z,1.453443543820633,121.72097854382064,1.47,3.32,5.18
2025-04-11T16:17:19.101Z,1.4535445102762807,121.72107951027628,2.28,4.23,6.18
2025-04-11T16:17:20.111Z,1.4536456020530224,121.72118060205302,3.08,5.15,7.21
2025-04-11T16:17:21.122Z,1.45374668012186,121.72128168012186,3.89,6.06,3.23
2025-04-11T16:17:22.130Z,1.4538477423873175,121.72138274238732,4.7,6.98,4.25
2025-04-11T16:17:23.136Z,1.4539483650685199,121.72148336506852,5.51,2.84,5.18
2025-04-11T16:17:24.142Z,1.4540489518064916,121.7215839518065,1.31,3.71,6.1
2025-04-11T16:17:25.148Z,1.4541495439868797,121.72168454398688,2.12,4.57,7.03
2025-04-11T16:17:26.153Z,1.4542500757768195,121.72178507577682,2.92,5.43,7.94
2025-04-11T16:17:27.158Z,1.4543506058787372,121.72188560587874,3.72,6.29,3.85
2025-04-11T16:17:28.164Z,1.4544512368545313,121.72198623685453,4.53,2.15,4.78
2025-04-11T16:17:29.168Z,1.4545516150635578,121.72208661506356,5.33,2.99,5.66
2025-04-11T16:17:30.174Z,1.4546522123953238,121.72218721239533,1.14,3.86,6.58
2025-04-11T16:17:31.182Z,1.4547526804769788,121.72228768047698,1.94,4.71,7.48
2025-04-11T16:17:32.194Z,1.454853810117804,121.7223888101178,2.75,5.63,3.51
2025-04-11T16:17:33.205Z,1.4549549749742638,121.72248997497427,3.56,6.56,4.55
2025-04-11T16:17:34.213Z,1.4550559467559125,121.72259094675591,4.37,2.46,5.56
2025-04-11T16:17:35.222Z,1.455156792576183,121.72269179257619,5.17,3.35,6.53
2025-04-11T16:17:36.231Z,1.4552576762023293,121.72279267620233,5.98,4.25,7.52
2025-04-11T16:17:37.241Z,1.4553585404744283,121.72289354047443,1.79,5.14,3.5
2025-04-11T16:17:38.251Z,1.45545960064441,121.72299460064441,2.6,6.06,4.52
2025-04-11T16:17:39.262Z,1.4555606419842135,121.72309564198422,3.41,6.97,5.53
2025-04-11T16:17:40.270Z,1.4556615989811164,121.72319659898112,4.21,2.87,6.53
2025-04-11T16:17:41.278Z,1.4557624981196042,121.7232974981196,5.02,3.77,7.52
2025-04-11T16:17:42.286Z,1.4558631212082602,121.72339812120826,5.82,4.64,3.45
2025-04-11T16:17:43.295Z,1.4559640604518265,121.72349906045183,1.63,5.54,4.44
2025-04-11T16:17:44.304Z,1.4560647953282952,121.7235997953283,2.44,6.42,5.4
2025-04-11T16:17:45.312Z,1.4561659618436735,121.72370096184368,3.25,2.34,6.44
2025-04-11T16:17:46.318Z,1.4562665470391423,121.72380154703914,4.05,3.21,7.36
2025-04-11T16:17:47.323Z,1.456367101006201,121.7239021010062,4.86,4.07,3.28
2025-04-11T16:17:48.330Z,1.4564676206889473,121.72400262068895,5.66,4.92,4.19
2025-04-11T16:17:49.340Z,1.4565684491633348,121.72410344916334,1.47,5.81,5.16
2025-04-11T16:17:50.348Z,1.4566693512704134,121.72420435127042,2.27,6.71,6.15
2025-04-11T16:17:51.355Z,1.4567700827708379,121.72430508277084,3.08,2.59,7.1
2025-04-11T16:17:52.362Z,1.4568709200927898,121.72440592009279,3.89,3.48,3.07
2025-04-11T16:17:53.370Z,1.4569716163484756,121.72450661634848,4.69,4.35,4.02
2025-04-11T16:17:54.381Z,1.4570724915054072,121.72460749150541,5.5,5.25,5
2025-04-11T16:17:55.391Z,1.4571735102024306,121.72470851020243,1.31,6.16,6.01
2025-04-11T16:17:56.400Z,1.4572745608845636,121.72480956088457,2.12,2.07,7.03
2025-04-11T16:17:57.410Z,1.4573754428808954,121.7249104428809,2.92,2.97,3.01
2025-04-11T16:17:58.421Z,1.4574765376844354,121.72501153768444,3.73,3.89,4.04
2025-04-11T16:17:59.432Z,1.4575775638029356,121.72511256380294,4.54,4.8,5.05
2025-04-11T16:18:00.442Z,1.4576786490604192,121.72521364906042,5.35,5.71,6.08
2025-04-11T16:18:01.451Z,1.4577796466571655,121.72531464665717,1.16,6.62,7.09
2025-04-11T16:18:02.462Z,1.4578806636661668,121.72541566366617,1.97,2.53,3.1
2025-04-11T16:18:03.469Z,1.457981591908485,121.72551659190849,2.77,3.43,4.09
2025-04-11T16:18:04.479Z,1.4580823182866354,121.72561731828664,3.58,4.31,5.04
2025-04-11T16:18:05.489Z,1.4581833399813533,121.72571833998136,4.39,5.22,6.05
2025-04-11T16:18:06.499Z,1.4582843525665723,121.72581935256657,5.19,6.13,7.07
2025-04-11T16:18:07.510Z,1.4583854141044341,121.72592041410444,1,2.04,3.09
2025-04-11T16:18:08.520Z,1.458486569007384,121.72602156900739,1.81,2.97,4.13
2025-04-11T16:18:09.532Z,1.458587469513752,121.72612246951375,2.62,3.87,5.11
2025-04-11T16:18:10.543Z,1.4586886856220573,121.72622368562206,3.43,4.8,6.17
2025-04-11T16:18:11.554Z,1.4587897890403312,121.72632478904033,4.24,5.72,7.2
2025-04-11T16:18:12.566Z,1.4588910085537847,121.72642600855379,5.05,6.65,3.25
2025-04-11T16:18:13.578Z,1.4589922018737909,121.7265272018738,5.86,2.58,4.3
2025-04-11T16:18:14.588Z,1.4590932816015467,121.72662828160155,1.67,3.49,5.32
2025-04-11T16:18:15.599Z,1.4591943270740941,121.7267293270741,2.47,4.41,6.34
2025-04-11T16:18:16.609Z,1.4592953404160127,121.72683034041602,3.28,5.32,7.35
2025-04-11T16:18:17.619Z,1.459396389701162,121.72693138970116,4.09,6.23,3.37
2025-04-11T16:18:18.627Z,1.4594973986192983,121.7270323986193,4.9,2.14,4.38
2025-04-11T16:18:19.636Z,1.4595980926048853,121.72713309260489,5.7,3.01,5.32
2025-04-11T16:18:20.643Z,1.4596990087109063,121.72723400871091,1.51,3.91,6.31
2025-04-11T16:18:21.654Z,1.4597997376501937,121.7273347376502,2.32,4.79,7.27
2025-04-11T16:18:22.661Z,1.459900826749383,121.72743582674939,3.13,5.71,3.29
2025-04-11T16:18:23.671Z,1.460001520385724,121.72753652038573,3.93,6.58,4.24
2025-04-11T16:18:24.682Z,1.4601025598919861,121.72763755989199,4.74,2.5,5.25
2025-04-11T16:18:25.694Z,1.4602038746913806,121.72773887469138,5.55,3.44,6.33
2025-04-11T16:18:26.703Z,1.4603048865781076,121.72783988657811,1.36,4.35,7.34
2025-04-11T16:18:27.714Z,1.460405834727446,121.72794083472745,2.17,5.25,3.33
2025-04-11T16:18:28.723Z,1.4605069052001838,121.72804190520019,2.98,6.17,4.36
2025-04-11T16:18:29.732Z,1.4606077480518636,121.72814274805187,3.78,2.06,5.33
2025-04-11T16:18:30.739Z,1.4607085428531192,121.72824354285312,4.59,2.94,6.3
2025-04-11T16:18:31.749Z,1.4608093313679476,121.72834433136795,5.39,3.83,7.26
2025-04-11T16:18:32.763Z,1.4609104503276669,121.72844545032767,1.2,4.75,3.29
2025-04-11T16:18:33.777Z,1.4610120667591602,121.72854706675916,2.02,5.72,4.43
2025-04-11T16:18:34.806Z,1.461113343578056,121.72864834357806,2.83,6.66,5.5
2025-04-11T16:18:35.831Z,1.461216801961875,121.72875180196188,3.65,2.83,7.01
2025-04-11T16:18:36.850Z,1.461318869735571,121.72885386973557,4.47,3.86,3.24
2025-04-11T16:18:37.861Z,1.4614205923378378,121.72895559233784,5.28,4.84,4.4
2025-04-11T16:18:38.870Z,1.46152151924138,121.72905651924138,1.09,5.74,5.4
2025-04-11T16:18:39.879Z,1.461622396377372,121.72915739637737,1.9,6.64,6.38
2025-04-11T16:18:40.886Z,1.4617233976120971,121.7292583976121,2.71,2.55,7.39
2025-04-11T16:18:41.892Z,1.4618238958744243,121.72935889587443,3.51,3.4,3.29
2025-04-11T16:18:42.898Z,1.4619246540048536,121.72945965400486,4.32,4.28,4.25
2025-04-11T16:18:43.905Z,1.4620252595438998,121.7295602595439,5.12,5.15,5.17
2025-04-11T16:18:44.916Z,1.4621257565547623,121.72966075655476,5.93,6,6.08
2025-04-11T16:18:45.927Z,1.462227245889828,121.72976224588983,1.74,6.96,7.19
2025-04-11T16:18:46.936Z,1.4623281029150732,121.72986310291508,2.54,2.86,3.17
2025-04-11T16:18:47.945Z,1.462428976151152,121.72996397615115,3.35,3.75,4.15
2025-04-11T16:18:48.954Z,1.4625300221766722,121.73006502217667,4.16,4.66,5.16
2025-04-11T16:18:49.962Z,1.4626308926187832,121.73016589261879,4.97,5.56,6.15
2025-04-11T16:18:50.972Z,1.4627317465590224,121.73026674655902,5.77,6.45,7.12
2025-04-11T16:18:51.981Z,1.462832623607703,121.7303676236077,1.58,2.34,3.11
2025-04-11T16:18:52.991Z,1.462933544865102,121.7304685448651,2.39,3.24,4.1
2025-04-11T16:18:54.000Z,1.4630346089641009,121.7305696089641,3.2,4.16,5.12
2025-04-11T16:18:55.005Z,1.4631353209067512,121.73067032090675,4,5.03,6.07
2025-04-11T16:18:56.011Z,1.4632358012993265,121.73077080129933,4.81,5.89,6.97
2025-04-11T16:18:57.020Z,1.463336369701885,121.73087136970189,5.61,6.75,7.88
2025-04-11T16:18:58.030Z,1.4634375752163962,121.7309725752164,1.42,2.68,3.94
2025-04-11T16:18:59.035Z,1.4635382990334094,121.73107329903341,2.23,3.56,4.89
2025-04-11T16:19:00.045Z,1.463638873082111,121.73117387308211,3.03,4.42,5.81
2025-04-11T16:19:01.056Z,1.4637400049348273,121.73127500493483,3.84,5.34,6.84
2025-04-11T16:19:02.067Z,1.463841045721658,121.73137604572166,4.65,6.25,7.86
2025-04-11T16:19:03.079Z,1.463942294862811,121.73147729486281,5.46,2.19,3.92
2025-04-11T16:19:04.089Z,1.4640434089912944,121.7315784089913,1.27,3.11,4.95
2025-04-11T16:19:05.100Z,1.464144438136593,121.7316794381366,2.08,4.02,5.96
2025-04-11T16:19:06.111Z,1.4642454980446402,121.73178049804464,2.88,4.93,6.98
2025-04-11T16:19:07.121Z,1.4643465282958843,121.73188152829589,3.69,5.85,8
2025-04-11T16:19:08.131Z,1.4644475712655023,121.7319825712655,4.5,6.76,4.01
2025-04-11T16:19:09.142Z,1.46454859333857,121.73208359333857,5.31,2.67,5.03
2025-04-11T16:19:10.153Z,1.4646497371238567,121.73218473712386,1.12,3.59,6.07
2025-04-11T16:19:11.163Z,1.4647508574805599,121.73228585748056,1.93,4.51,7.1
2025-04-11T16:19:12.174Z,1.4648517244302113,121.73238672443021,2.73,5.41,3.08
2025-04-11T16:19:13.184Z,1.464952856370239,121.73248785637024,3.54,6.33,4.11
2025-04-11T16:19:14.194Z,1.4650538206139956,121.732588820614,4.35,2.23,5.11
2025-04-11T16:19:15.204Z,1.4651548375647891,121.73268983756479,5.16,3.14,6.13
2025-04-11T16:19:16.213Z,1.465255896163164,121.73279089616317,5.97,4.06,7.15
2025-04-11T16:19:17.220Z,1.465356769020893,121.7328917690209,1.77,4.95,3.13
2025-04-11T16:19:18.231Z,1.4654574389085084,121.73299243890851,2.58,5.82,4.07
2025-04-11T16:19:19.241Z,1.4655585474781603,121.73309354747816,3.39,6.74,5.1
2025-04-11T16:19:20.250Z,1.4656595681542441,121.73319456815425,4.2,2.65,6.11
2025-04-11T16:19:21.261Z,1.4657605067575261,121.73329550675753,5,3.55,7.11
2025-04-11T16:20:41.614Z,-7.370282581367918,112.89722663187341,8.24,11.33,-13.97
2025-04-11T16:20:42.621Z,-7.37027324116987,112.8971302467977,9.18,-7.95,-25.08
2025-04-11T16:20:43.627Z,-7.370349601961651,112.89707119260952,1.54,-19.76,-29.91
2025-04-11T16:20:44.631Z,-7.370440139798237,112.89710401507202,-7.51,-13.2,-27.33
2025-04-11T16:20:45.637Z,-7.370461002805891,112.897197990378,-9.6,5.6,-18
2025-04-11T16:20:46.643Z,-7.3703927408537355,112.8972660752051,-2.77,19.22,-4.2
2025-04-11T16:20:47.647Z,-7.370298762000238,112.8972449168031,6.62,14.98,10.62
2025-04-11T16:20:48.652Z,-7.370266239276389,112.89715430543177,9.88,-3.14,22.82
2025-04-11T16:20:49.662Z,-7.3703254536678715,112.89707815182302,3.95,-18.37,29.38
2025-04-11T16:20:50.674Z,-7.370421825573938,112.89708771479995,-5.68,-16.46,28.64
2025-04-11T16:20:51.683Z,-7.37046489779689,112.89717451997527,-9.99,0.9,20.73
2025-04-11T16:20:52.697Z,-7.370414340745375,112.89725697983012,-4.93,17.4,7.65
2025-04-11T16:20:53.708Z,-7.370317305225027,112.89725789316492,4.77,17.58,-7.38
2025-04-11T16:20:54.718Z,-7.3702651909712245,112.89717617719799,9.98,1.24,-20.55
2025-04-11T16:20:55.729Z,-7.370306663630333,112.89708877889453,5.83,-16.24,-28.56
2025-04-11T16:20:56.739Z,-7.370402827829621,112.89707743080801,-3.78,-18.51,-29.44
2025-04-11T16:20:57.749Z,-7.370463491516482,112.89715269620906,-9.85,-3.46,-22.98
2025-04-11T16:20:58.761Z,-7.370431841520952,112.89724437883487,-6.68,14.88,-10.74
2025-04-11T16:20:59.772Z,-7.370337501842314,112.89726614494955,2.75,19.23,4.17
2025-04-11T16:21:00.782Z,-7.370268954213605,112.89719784253789,9.6,5.57,18.02
2025-04-11T16:21:01.793Z,-7.370290393752958,112.89710341240429,7.46,-13.32,27.38
2025-04-11T16:21:02.806Z,-7.370381871688289,112.89707143354458,-1.69,-19.71,29.89
2025-04-11T16:21:03.816Z,-7.370457512700997,112.89713203422392,-9.25,-7.59,24.92
2025-04-11T16:21:04.827Z,-7.370446292634717,112.89722823665119,-8.13,11.65,13.71
2025-04-11T16:21:05.839Z,-7.370358910975801,112.89726981444677,0.61,19.96,-0.91
2025-04-11T16:21:06.849Z,-7.370277146702331,112.89721776817025,8.79,9.55,-15.33
2025-04-11T16:21:07.858Z,-7.370277758098702,112.89712112413011,8.72,-9.78,-25.88
2025-04-11T16:21:08.868Z,-7.370359895784888,112.89707013035002,0.51,-19.97,-29.99
2025-04-11T16:21:09.880Z,-7.370447012491843,112.8971127815486,-8.2,-11.44,-26.6
2025-04-11T16:21:10.892Z,-7.37045698994603,112.89720921542846,-9.2,7.84,-16.54
2025-04-11T16:21:11.906Z,-7.3703805205185065,112.89726878822555,-1.55,19.76,-2.34
2025-04-11T16:21:12.920Z,-7.370289252021729,112.89723528586208,7.57,13.06,12.5
2025-04-11T16:21:13.930Z,-7.370269460128162,112.89714046810387,9.55,-5.91,24.14
2025-04-11T16:21:14.941Z,-7.370339254584336,112.89707337094862,2.57,-19.33,29.75
2025-04-11T16:21:15.951Z,-7.370433230266727,112.89709689301878,-6.82,-14.62,27.91
2025-04-11T16:21:16.959Z,-7.370463214183457,112.89718881420123,-9.82,3.76,19.11
2025-04-11T16:21:17.970Z,-7.3704015500867275,112.89726308109991,-3.66,18.62,5.58
2025-04-11T16:21:18.980Z,-7.370305467776206,112.8972503487046,5.95,16.07,-9.4
2025-04-11T16:21:19.990Z,-7.37026529284924,112.89716235251105,9.97,-1.53,-22.01
2025-04-11T16:21:20.998Z,-7.3703184532045976,112.89708149352658,4.65,-17.7,-29.13
2025-04-11T16:21:22.007Z,-7.37041495105006,112.8970833692168,-5,-17.33,-28.98
2025-04-11T16:21:23.016Z,-7.370464926232591,112.8971661596823,-9.99,-0.77,-21.62
2025-04-11T16:21:24.025Z,-7.370421362828754,112.89725260285428,-5.64,16.52,-8.85
2025-04-11T16:21:25.036Z,-7.370325126476649,112.89726170660902,3.99,18.34,6.11
2025-04-11T16:21:26.046Z,-7.370266133166778,112.89718501163844,9.89,3,19.56
2025-04-11T16:21:27.055Z,-7.370299695938307,112.89709426771147,6.53,-15.15,28.12
2025-04-11T16:21:28.066Z,-7.370394388612544,112.89707441595608,-2.94,-19.12,29.67
2025-04-11T16:21:29.076Z,-7.370461573264473,112.89714404610648,-9.66,-5.19,23.81
2025-04-11T16:21:30.086Z,-7.370438307514864,112.89723801476505,-7.33,13.6,12
2025-04-11T16:21:31.096Z,-7.370346340294383,112.89726824365316,1.87,19.65,-2.81
2025-04-11T16:21:32.107Z,-7.370271879199582,112.8972064488207,9.31,7.29,-16.91
2025-04-11T16:21:33.116Z,-7.370284609559764,112.89711052414677,8.04,-11.9,-26.79
2025-04-11T16:21:34.127Z,-7.370372577886139,112.89707028753517,-0.76,-19.94,-29.98
2025-04-11T16:21:35.137Z,-7.370453508605738,112.89712345725933,-8.85,-9.31,-25.68
2025-04-11T16:21:36.146Z,-7.370451516715922,112.89722014835856,-8.65,10.03,-14.98
2025-04-11T16:21:37.157Z,-7.370368522693917,112.89726993793388,-0.35,19.99,-0.53
2025-04-11T16:21:38.167Z,-7.3702822185002415,112.89722610011852,8.28,11.22,14.06
2025-04-11T16:21:39.177Z,-7.370273444256443,112.89712978127524,9.16,-8.04,25.12
2025-04-11T16:21:40.187Z,-7.370350456594627,112.89707106320523,1.45,-19.79,29.92
2025-04-11T16:21:41.196Z,-7.3704409149684835,112.89710490839101,-7.59,-13.02,27.26
2025-04-11T16:21:42.206Z,-7.37046048689569,112.8971997027398,-9.55,5.94,17.79
2025-04-11T16:21:43.217Z,-7.370390612408144,112.89726666439132,-2.56,19.33,3.87
2025-04-11T16:21:44.227Z,-7.370296680241013,112.89724302335607,6.83,14.6,-11.02
2025-04-11T16:21:45.237Z,-7.370266813555447,112.897151041569,9.82,-3.79,-23.14
2025-04-11T16:21:46.247Z,-7.37032888917656,112.89707674760899,3.61,-18.65,-29.49
2025-04-11T16:21:47.258Z,-7.370424788394702,112.89708984173244,-5.98,-16.03,-28.47
2025-04-11T16:21:48.268Z,-7.370464678221594,112.89717801574325,-9.97,1.6,-20.35
2025-04-11T16:21:49.278Z,-7.370411211088169,112.89725868221541,-4.62,17.74,-7.14
2025-04-11T16:21:50.288Z,-7.370314456472793,112.89725628645235,5.05,17.26,7.86
2025-04-11T16:21:51.299Z,-7.370265048770469,112.89717312277367,10,0.62,20.88
2025-04-11T16:21:52.309Z,-7.370309243269281,112.89708698682647,5.58,-16.6,28.7
2025-04-11T16:21:53.318Z,-7.370405618526117,112.89707862092507,-4.06,-18.28,29.35
2025-04-11T16:21:54.328Z,-7.370463986518775,112.89715579897536,-9.9,-2.84,22.67
2025-04-11T16:21:55.337Z,-7.370429680831876,112.89724626526069,-6.47,15.25,10.33
2025-04-11T16:21:56.347Z,-7.370334950297414,112.89726537827518,3,19.08,-4.56
2025-04-11T16:21:57.357Z,-7.370268249172689,112.8971952839359,9.68,5.06,-18.34
2025-04-11T16:21:58.367Z,-7.3702921263351,112.8971015205946,7.29,-13.7,-27.53
2025-04-11T16:21:59.377Z,-7.370384293032348,112.89707187875408,-1.93,-19.62,-29.86
2025-04-11T16:22:00.388Z,-7.370458381995722,112.89713422566737,-9.34,-7.15,-24.72
2025-04-11T16:22:01.397Z,-7.37044503068962,112.89722995905869,-8,11.99,-13.42
2025-04-11T16:22:02.408Z,-7.3703567331288955,112.89726965770839,0.83,19.93,1.24
2025-04-11T16:22:03.419Z,-7.370276184872283,112.89721595512037,8.88,9.19,15.59
2025-04-11T16:22:04.429Z,-7.370278911921952,112.89711911932766,8.61,-10.18,26.06
2025-04-11T16:22:05.440Z,-7.370362301768528,112.89707003640889,0.27,-19.99,30
2025-04-11T16:22:06.449Z,-7.370448234834525,112.89711457471407,-8.32,-11.09,26.45
2025-04-11T16:22:07.459Z,-7.370456215929504,112.89721098358457,-9.12,8.2,16.3
2025-04-11T16:22:08.469Z,-7.370378827187599,112.89726903943095,-1.38,19.81,2.08
2025-04-11T16:22:09.482Z,-7.370288309314985,112.89723417584305,7.67,12.84,-12.7
2025-04-11T16:22:10.492Z,-7.370269901245423,112.89713907708168,9.51,-6.18,-24.27
2025-04-11T16:22:11.503Z,-7.370340584860818,112.89707302628717,2.44,-19.39,-29.77
2025-04-11T16:22:12.515Z,-7.3704342369874585,112.89709784572385,-6.92,-14.43,-27.83
2025-04-11T16:22:13.526Z,-7.370462904344406,112.8971903651503,-9.79,4.07,-18.93
2025-04-11T16:22:14.536Z,-7.370399759858019,112.89726376434434,-3.48,18.75,-5.3
2025-04-11T16:22:15.547Z,-7.37030402721285,112.89724926108268,6.1,15.85,9.66
2025-04-11T16:22:16.558Z,-7.370265452860342,112.89716049384484,9.95,-1.9,22.2
2025-04-11T16:22:17.568Z,-7.370320186577691,112.89708060337153,4.48,-17.88,29.19
2025-04-11T16:22:18.579Z,-7.370416929938826,112.89708454076145,-5.19,-17.09,28.89
2025-04-11T16:22:19.589Z,-7.370464989054931,112.89716852050893,-10,-0.3,21.37
2025-04-11T16:22:20.600Z,-7.370419397346485,112.8972539102419,-5.44,16.78,8.51
2025-04-11T16:22:21.611Z,-7.370322824977641,112.8972606712054,4.22,18.13,-6.48
2025-04-11T16:22:22.621Z,-7.370265761343291,112.89718231620942,9.92,2.46,-19.86
2025-04-11T16:22:23.632Z,-7.3703018191047995,112.89709248758498,6.32,-15.5,-28.26
2025-04-11T16:22:24.643Z,-7.370397112352401,112.89707529626817,-3.21,-18.94,-29.6
2025-04-11T16:22:25.655Z,-7.370462304349475,112.89714693783243,-9.73,-4.61,-23.53
2025-04-11T16:22:26.666Z,-7.370436158592497,112.8972402599083,-7.12,14.05,-11.57
2025-04-11T16:22:27.677Z,-7.370343292413608,112.89726761547364,2.17,19.52,3.28
2025-04-11T16:22:28.687Z,-7.370270781337212,112.89720350885827,9.42,6.7,17.3
2025-04-11T16:22:29.698Z,-7.370286540917144,112.89710799861037,7.85,-12.4,27
2025-04-11T16:22:30.709Z,-7.370375926871965,112.89707059877531,-1.09,-19.88,29.96
2025-04-11T16:22:31.722Z,-7.370455097001435,112.89712661186415,-9.01,-8.68,25.4
2025-04-11T16:22:32.734Z,-7.370449605698181,112.89722330924718,-8.46,10.66,14.5
2025-04-11T16:22:33.743Z,-7.370364790345997,112.89726999978024,0.02,20,-0.03
2025-04-11T16:22:34.753Z,-7.3702802291246226,112.89722304619391,8.48,10.61,-14.54
2025-04-11T16:22:35.762Z,-7.370274952255774,112.89712650972798,9,-8.7,-25.41
2025-04-11T16:22:36.774Z,-7.370354012177558,112.89707060549433,1.1,-19.88,-29.95
2025-04-11T16:22:37.784Z,-7.370443393258515,112.89710791540433,-7.84,-12.42,-27.01
2025-04-11T16:22:38.795Z,-7.370459251930387,112.89720341517048,-9.43,6.68,-17.31
2025-04-11T16:22:39.805Z,-7.370386726319512,112.8972676113059,-2.17,19.52,-3.28
2025-04-11T16:22:40.814Z,-7.370293966684725,112.89724038656207,7.1,14.08,11.54
2025-04-11T16:22:41.825Z,-7.370267634208649,112.8971471986256,9.74,-4.56,23.51
2025-04-11T16:22:42.835Z,-7.3703325739084296,112.89707540323164,3.24,-18.92,29.59
2025-04-11T16:22:43.842Z,-7.370427798883053,112.89709217776483,-6.28,-15.56,28.29
2025-04-11T16:22:44.849Z,-7.370464353905875,112.89718134906988,-9.94,2.27,19.97
2025-04-11T16:22:45.857Z,-7.370408532513704,112.89726002733057,-4.35,18.01,6.7
2025-04-11T16:22:46.864Z,-7.370312021808435,112.89725481339056,5.3,16.96,-8.27
2025-04-11T16:22:47.869Z,-7.370265001784648,112.89717059743329,10,0.12,-21.15
2025-04-11T16:22:48.875Z,-7.370310865721553,112.8970859198008,5.41,-16.82,-28.78
2025-04-11T16:22:49.879Z,-7.37040705220168,112.89707927176661,-4.21,-18.15,-29.3
2025-04-11T16:22:50.885Z,-7.370464119558792,112.89715675941599,-9.91,-2.65,-22.57
2025-04-11T16:22:51.894Z,-7.370429240886199,112.89724663620908,-6.42,15.33,-10.25
2025-04-11T16:22:52.904Z,-7.370334137660819,112.89726511843155,3.09,19.02,4.69
2025-04-11T16:22:53.913Z,-7.370268064676899,112.89719456711492,9.69,4.91,18.42
2025-04-11T16:22:54.923Z,-7.370292639018533,112.89710097907302,7.24,-13.8,27.58
2025-04-11T16:22:55.931Z,-7.370384929301524,112.89707200600559,-1.99,-19.6,29.85
2025-04-11T16:22:56.939Z,-7.370458485764236,112.89713449772,-9.35,-7.1,24.69
2025-04-11T16:22:57.949Z,-7.370444900777792,112.89723013206888,-7.99,12.03,13.39
2025-04-11T16:22:58.960Z,-7.370356523353867,112.89726964008466,0.85,19.93,-1.27
2025-04-11T16:22:59.970Z,-7.370276053129706,112.89721569960902,8.89,9.14,-15.63
2025-04-11T16:23:00.979Z,-7.370278955158391,112.89711904624419,8.6,-10.19,-26.06
2025-04-11T16:23:01.988Z,-7.370362213481974,112.89707003883096,0.28,-19.99,-30
2025-04-11T16:23:02.998Z,-7.370448160436542,112.89711446314922,-8.32,-11.11,-26.46
2025-04-11T16:23:04.009Z,-7.370456247233375,112.89721091384119,-9.12,8.18,-16.31
2025-04-11T16:23:05.018Z,-7.370378865873816,112.89726903402216,-1.39,19.81,-2.08
2025-04-11T16:23:06.025Z,-7.370288555919589,112.89723446939252,7.64,12.89,12.64
2025-04-11T16:23:07.033Z,-7.37026961026693,112.89713998668921,9.54,-6,24.19
2025-04-11T16:23:08.045Z,-7.370339778391138,112.89707323290618,2.52,-19.35,29.76
2025-04-11T16:23:09.056Z,-7.370433651442433,112.89709728838159,-6.87,-14.54,27.88
2025-04-11T16:23:10.066Z,-7.370463083935678,112.89718948182646,-9.81,3.9,19.04
2025-04-11T16:23:11.076Z,-7.370400533055483,112.8972634740711,-3.55,18.69,5.42
2025-04-11T16:23:12.084Z,-7.370304985778647,112.89724998933201,6,16,-9.49
2025-04-11T16:23:13.093Z,-7.370265341784761,112.89716173924123,9.97,-1.65,-22.07
2025-04-11T16:23:14.104Z,-7.370318967411864,112.89708122499886,4.6,-17.76,-29.15
2025-04-11T16:23:15.114Z,-7.370415757691176,112.89708383935478,-5.08,-17.23,-28.94
2025-04-11T16:23:16.124Z,-7.370464959556291,112.89716715621627,-10,-0.57,-21.51
2025-04-11T16:23:17.132Z,-7.370420615674776,112.89725310774163,-5.56,16.62,-8.72
2025-04-11T16:23:18.141Z,-7.370324460467167,112.89726141414704,4.05,18.28,6.22
2025-04-11T16:23:19.150Z,-7.370266014318023,112.89718420685622,9.9,2.84,19.65
2025-04-11T16:23:20.157Z,-7.370300117270866,112.89709390642957,6.49,-15.22,28.15
2025-04-11T16:23:21.165Z,-7.370394554157889,112.89707446701223,-2.96,-19.11,29.66
2025-04-11T16:23:22.175Z,-7.370461633655633,112.89714427187144,-9.66,-5.15,23.79
2025-04-11T16:23:23.183Z,-7.370438327664864,112.89723799304058,-7.33,13.6,12
2025-04-11T16:23:24.191Z,-7.370346469859109,112.89726826817328,1.85,19.65,-2.79
2025-04-11T16:23:25.200Z,-7.370272042873305,112.8972068642455,9.3,7.37,-16.86
2025-04-11T16:23:26.210Z,-7.370284376226896,112.89711084083156,8.06,-11.83,-26.76
2025-04-11T16:23:27.218Z,-7.370371964376378,112.89707024280747,-0.7,-19.95,-29.98
2025-04-11T16:23:28.228Z,-7.370453172569904,112.89712282375686,-8.82,-9.44,-25.74
2025-04-11T16:23:29.237Z,-7.370451894020699,112.89721949170806,-8.69,9.9,-15.08
2025-04-11T16:23:30.244Z,-7.370369550074445,112.89726989643049,-0.46,19.98,-0.68
2025-04-11T16:23:31.253Z,-7.3702829038957915,112.89722709842094,8.21,11.42,13.89
2025-04-11T16:23:32.263Z,-7.370272982051782,112.89713085032305,9.2,-7.83,25.02
2025-04-11T16:23:33.273Z,-7.370349259641581,112.89707124656402,1.57,-19.75,29.91
2025-04-11T16:23:34.284Z,-7.370440263630844,112.89710415635284,-7.53,-13.17,27.32
2025-04-11T16:23:35.293Z,-7.370460807592708,112.89719865144289,-9.58,5.73,17.92
2025-04-11T16:23:36.302Z,-7.370391594849766,112.89726639872389,-2.66,19.28,4.03
2025-04-11T16:23:37.311Z,-7.370297674132817,112.89724394070333,6.73,14.79,-10.83
2025-04-11T16:23:38.322Z,-7.370266582903795,112.89715227783381,9.84,-3.54,-23.02
2025-04-11T16:23:39.328Z,-7.370327520316207,112.8970772893032,3.75,-18.54,-29.45
2025-04-11T16:23:40.336Z,-7.370423255191155,112.8970887206502,-5.83,-16.26,-28.56
2025-04-11T16:23:41.344Z,-7.370464815810848,112.89717606662218,-9.98,1.21,-20.56
2025-04-11T16:23:42.356Z,-7.370413050656904,112.89725769911271,-4.81,17.54,-7.44
2025-04-11T16:23:43.366Z,-7.370316192230946,112.89725728001879,4.88,17.46,7.57
2025-04-11T16:23:44.377Z,-7.37026512576705,112.8971750137404,9.99,1,20.67
2025-04-11T16:23:45.387Z,-7.370307673090599,112.89708806328382,5.73,-16.39,28.61
2025-04-11T16:23:46.395Z,-7.370403851239261,112.89707785565017,-3.89,-18.43,29.4
2025-04-11T16:23:47.403Z,-7.370463636232983,112.89715354115609,-9.86,-3.29,22.89
2025-04-11T16:23:48.413Z,-7.370431463034095,112.89724471723429,-6.65,14.94,10.67
2025-04-11T16:23:49.424Z,-7.3703369943795,112.89726599836051,2.8,19.2,-4.24
2025-04-11T16:23:50.431Z,-7.370268785164368,112.89719725262198,9.62,5.45,-18.09
2025-04-11T16:23:51.441Z,-7.370290492387941,112.89710330205591,7.45,-13.34,-27.39
2025-04-11T16:23:52.450Z,-7.370381880707561,112.89707143508885,-1.69,-19.71,-29.89
2025-04-11T16:23:53.459Z,-7.37045738425502,112.89713172272967,-9.24,-7.66,-24.94
2025-04-11T16:23:54.467Z,-7.370446657993678,112.89722772323682,-8.17,11.54,-13.79
2025-04-11T16:23:55.475Z,-7.370359605132091,112.89726985437096,0.54,19.97,0.81
2025-04-11T16:23:56.483Z,-7.370277694155949,112.89721876155858,8.73,9.75,15.18
2025-04-11T16:23:57.489Z,-7.370277148600901,112.89712222833815,8.79,-9.55,25.79
2025-04-11T16:23:58.500Z,-7.370358484810089,112.8970702124642,0.65,-19.96,29.98
2025-04-11T16:23:59.511Z,-7.370446200459526,112.89711163489594,-8.12,-11.67,26.7
2025-04-11T16:24:00.519Z,-7.370457614005115,112.89720771798055,-9.26,7.54,16.74
2025-04-11T16:24:01.530Z,-7.370382632704156,112.89726843316384,-1.76,19.69,2.66
2025-04-11T16:24:02.540Z,-7.370290965300093,112.89723722249036,7.4,13.44,-12.14
2025-04-11T16:24:03.550Z,-7.3702687150171196,112.8971429962582,9.63,-5.4,-23.91
2025-04-11T16:24:04.560Z,-7.370336722665247,112.89707408132435,2.83,-19.18,-29.69
2025-04-11T16:24:05.570Z,-7.370431174622938,112.89709502720974,-6.62,-14.99,-28.06
2025-04-11T16:24:06.578Z,-7.370463720466474,112.89718594583015,-9.87,3.19,-19.45
2025-04-11T16:24:07.589Z,-7.370403983002054,112.89726208868308,-3.9,18.42,-5.97
2025-04-11T16:24:08.599Z,-7.370307711122122,112.89725196331175,5.73,16.39,9.01
2025-04-11T16:24:09.608Z,-7.370265118501428,112.89716513314855,9.99,-0.97,21.72
2025-04-11T16:24:10.617Z,-7.370316001059935,112.89708282716093,4.9,-17.43,29.02
2025-04-11T16:24:11.626Z,-7.370412515614649,112.89708200985075,-4.75,-17.6,29.09
2025-04-11T16:24:12.635Z,-7.370464783360547,112.89716342117353,-9.98,-1.32,21.9
2025-04-11T16:24:13.644Z,-7.370423725755051,112.89725094001294,-5.87,16.19,9.26
2025-04-11T16:24:14.652Z,-7.370327681897659,112.89726277585483,3.73,18.56,-5.7
2025-04-11T16:24:15.660Z,-7.370266644803759,112.8971880625406,9.84,3.61,-19.2
2025-04-11T16:24:16.667Z,-7.370297247927731,112.89709644963152,6.78,-14.71,-27.95
2025-04-11T16:24:17.675Z,-7.37039087062942,112.89707340439693,-2.59,-19.32,-29.74
2025-04-11T16:24:18.682Z,-7.370460506069236,112.89714035896866,-9.55,-5.93,-24.15
2025-04-11T16:24:19.691Z,-7.370441022035454,112.89723496653082,-7.6,12.99,-12.56
2025-04-11T16:24:20.701Z,-7.370350495132077,112.897268942452,1.45,19.79,2.18
2025-04-11T16:24:21.707Z,-7.37027357049787,112.89721050489032,9.14,8.1,16.36
2025-04-11T16:24:22.715Z,-7.370281912025361,112.89711435479832,8.31,-11.13,26.47
2025-04-11T16:24:23.725Z,-7.370367799058696,112.89707003918133,-0.28,-19.99,30
2025-04-11T16:24:24.735Z,-7.370451180102456,112.89711927535174,-8.62,-10.14,26.04
2025-04-11T16:24:25.745Z,-7.3704538246624,112.8972159366885,-8.88,9.19,15.6
2025-04-11T16:24:26.754Z,-7.370373267237037,112.89726965767804,-0.83,19.93,1.24
2025-04-11T16:24:27.763Z,-7.370285128317665,112.89723017071016,7.99,12.03,-13.39
2025-04-11T16:24:28.772Z,-7.370271515100845,112.89713449544213,9.35,-7.1,-24.69
2025-04-11T16:24:29.779Z,-7.370345207072281,112.89707197836968,1.98,-19.6,-29.85
2025-04-11T16:24:30.786Z,-7.370437283151905,112.89710089756915,-7.23,-13.82,-27.59
2025-04-11T16:24:31.794Z,-7.370462057390175,112.89719408034495,-9.71,4.82,-18.48
2025-04-11T16:24:32.806Z,-7.370396198908852,112.8972650085685,-3.12,19,-4.74
2025-04-11T16:24:33.820Z,-7.3703007905790905,112.89724666257409,6.42,15.33,10.25
2025-04-11T16:24:34.832Z,-7.370265959292836,112.89715618195656,9.9,-2.76,22.63
2025-04-11T16:24:35.847Z,-7.370324430207249,112.89707859927836,4.06,-18.28,29.35
2025-04-11T16:24:36.862Z,-7.370421126433493,112.89708723633971,-5.61,-16.55,28.68
2025-04-11T16:24:37.874Z,-7.3704649163872595,112.89717408846633,-9.99,0.82,20.78
2025-04-11T16:24:38.882Z,-7.370414729983047,112.89725675787449,-4.97,17.35,7.72
2025-04-11T16:24:39.889Z,-7.370318231798789,112.89725838967901,4.68,17.68,-7.23
2025-04-11T16:24:40.897Z,-7.370265305711539,112.89717781337625,9.97,1.56,-20.37
2025-04-11T16:24:41.907Z,-7.370305343450213,112.89708974356058,5.97,-16.05,-28.48
2025-04-11T16:24:42.916Z,-7.370401152209001,112.89707676364559,-3.62,-18.65,-29.49
2025-04-11T16:24:43.927Z,-7.370463183661856,112.89715102716299,-9.82,-3.79,-23.14
2025-04-11T16:24:44.934Z,-7.370433239063206,112.89724309877053,-6.82,14.62,-11
2025-04-11T16:24:45.943Z,-7.370339737038561,112.89726675630615,2.53,19.35,3.82
2025-04-11T16:24:46.954Z,-7.370269610542435,112.89720001418641,9.54,6,17.75
2025-04-11T16:24:47.961Z,-7.370288773903613,112.89710527301777,7.62,-12.95,27.23
2025-04-11T16:24:48.972Z,-7.37037921034074,112.89707101481821,-1.42,-19.8,29.92
2025-04-11T16:24:49.980Z,-7.370456314781195,112.89712923714025,-9.13,-8.15,25.17
2025-04-11T16:24:50.987Z,-7.370448121918318,112.8972255944844,-8.31,11.12,14.14
2025-04-11T16:24:51.994Z,-7.370362482430727,112.8972699683042,0.25,19.99,-0.38
2025-04-11T16:24:53.019Z,-7.3702791400658345,112.89722126472184,8.59,10.24,-14.82
2025-04-11T16:24:54.046Z,-7.370277079678148,112.89712235530455,8.79,-9.53,-25.78
2025-04-11T16:24:55.064Z,-7.37035975057793,112.89707013787721,0.52,-19.97,-29.99
2025-04-11T16:24:56.078Z,-7.370447088628432,112.89711289083189,-8.21,-11.42,-26.59
2025-04-11T16:24:57.094Z,-7.3704567632775255,112.89720974293519,-9.18,7.95,-16.47
2025-04-11T16:24:58.107Z,-7.37037985413109,112.89726889062034,-1.49,19.78,-2.23
2025-04-11T16:24:59.119Z,-7.370289012029612,112.89723500637166,7.6,13,12.55
2025-04-11T16:25:00.129Z,-7.37026958733354,112.8971400596747,9.54,-5.99,24.18
2025-04-11T16:25:01.139Z,-7.370339676504835,112.89707325951937,2.53,-19.35,29.75
2025-04-11T16:25:02.145Z,-7.37043328089167,112.89709694029953,-6.83,-14.61,27.91
2025-04-11T16:25:03.154Z,-7.370463251282439,112.89718861949245,-9.83,3.72,19.14
2025-04-11T16:25:04.166Z,-7.370401509484707,112.89726309703286,-3.65,18.62,5.57
2025-04-11T16:25:05.183Z,-7.370305246697299,112.89725018443002,5.98,16.04,-9.44
2025-04-11T16:25:06.197Z,-7.370265386560684,112.89716121576937,9.96,-1.76,-22.13
2025-04-11T16:25:07.210Z,-7.370319615092121,112.89708089214324,4.54,-17.82,-29.17
2025-04-11T16:25:08.221Z,-7.37041654466733,112.89708430783426,-5.15,-17.14,-28.91
2025-04-11T16:25:09.231Z,-7.370464983767229,112.89716819825345,-10,-0.36,-21.4
2025-04-11T16:25:10.240Z,-7.370419847552463,112.89725361666096,-5.48,16.72,-8.59
2025-04-11T16:25:11.251Z,-7.370323223693731,112.897260855601,4.18,18.17,6.41
2025-04-11T16:25:12.261Z,-7.370265855689202,112.897183053951,9.91,2.61,19.78
2025-04-11T16:25:13.273Z,-7.370301337878743,112.8970928823346,6.37,-15.42,28.23
2025-04-11T16:25:14.284Z,-7.3703965467369645,112.8970751063575,-3.15,-18.98,29.61
2025-04-11T16:25:15.294Z,-7.370462139574531,112.89714625335688,-9.71,-4.75,23.6
2025-04-11T16:25:16.306Z,-7.370436678763075,112.89723972915405,-7.17,13.95,11.67
2025-04-11T16:25:17.317Z,-7.370343903321836,112.89726774932312,2.11,19.55,-3.18
2025-04-11T16:25:18.329Z,-7.370270966585704,112.89720402524057,9.4,6.81,-17.23
2025-04-11T16:25:19.340Z,-7.3702863091324575,112.89710829305254,7.87,-12.34,-26.98
2025-04-11T16:25:20.353Z,-7.370375571809512,112.89707056038594,-1.06,-19.89,-29.96
2025-04-11T16:25:21.364Z,-7.370454903789198,112.89712621291643,-8.99,-8.76,-25.44
2025-04-11T16:25:22.374Z,-7.370449839593886,112.89722293621926,-8.48,10.59,-14.55
2025-04-11T16:25:23.386Z,-7.370365196568046,112.89726999980681,-0.02,20,-0.03
2025-04-11T16:25:24.396Z,-7.370280342931267,112.89722322763112,8.47,10.65,14.51
2025-04-11T16:25:25.407Z,-7.370274872864613,112.89712667449403,9.01,-8.67,25.4
2025-04-11T16:25:26.417Z,-7.370353863080603,112.89707062208986,1.11,-19.88,29.95
2025-04-11T16:25:27.427Z,-7.370443257718772,112.89710774464318,-7.83,-12.45,27.02
2025-04-11T16:25:28.438Z,-7.370459352796551,112.8972031292889,-9.44,6.63,17.35
2025-04-11T16:25:29.449Z,-7.370386919372194,112.8972675681358,-2.19,19.51,3.31
2025-04-11T16:25:30.460Z,-7.37029394876777,112.89724036847589,7.11,14.07,-11.55
2025-04-11T16:25:31.471Z,-7.3702676268193565,112.89714723020221,9.74,-4.55,-23.5
2025-04-11T16:25:32.482Z,-7.370332562988192,112.8970754069756,3.24,-18.92,-29.59
2025-04-11T16:25:33.494Z,-7.370427924761955,112.8970922795115,-6.29,-15.54,-28.28
2025-04-11T16:25:34.510Z,-7.370464231566917,112.89718237320199,-9.92,2.47,-19.86
2025-04-11T16:25:35.529Z,-7.370406821559522,112.89726083477946,-4.18,18.17,-6.42
2025-04-11T16:25:36.558Z,-7.370308299531584,112.89725237145672,5.67,16.47,8.91
2025-04-11T16:25:37.570Z,-7.370265096920876,112.8971655983206,9.99,-0.88,21.68
2025-04-11T16:25:38.585Z,-7.370316058792346,112.8970827947353,4.89,-17.44,29.02
2025-04-11T16:25:39.598Z,-7.370413022903237,112.89708228568666,-4.8,-17.54,29.06
2025-04-11T16:25:40.610Z,-7.3704648335228145,112.89716423218218,-9.98,-1.15,21.82
2025-04-11T16:25:41.623Z,-7.370422761643966,112.8972516308305,-5.78,16.33,9.09
2025-04-11T16:25:42.635Z,-7.3703263508457315,112.8972622292951,3.86,18.45,-5.91
2025-04-11T16:25:43.647Z,-7.3702662908951355,112.89718601601128,9.87,3.2,-19.44
2025-04-11T16:25:44.658Z,-7.370298950952717,112.8970949165574,6.6,-15.02,-28.07
2025-04-11T16:25:45.669Z,-7.370393638667319,112.89707418858767,-2.86,-19.16,-29.68
2025-04-11T16:25:46.677Z,-7.3704613799931575,112.89714333734975,-9.64,-5.33,-23.87
2025-04-11T16:25:47.684Z,-7.370439146705334,112.89723709892762,-7.41,13.42,-12.17
2025-04-11T16:25:48.692Z,-7.3703477115639116,112.89726849421292,1.73,19.7,2.6
2025-04-11T16:25:49.704Z,-7.3702724569386024,112.89720789171133,9.25,7.58,16.72
2025-04-11T16:25:50.715Z,-7.370283788591465,112.89711165013176,8.12,-11.67,26.69
2025-04-11T16:25:51.725Z,-7.370371368416564,112.89707020298968,-0.64,-19.96,29.98
2025-04-11T16:25:52.735Z,-7.370452861796523,112.89712224746383,-8.79,-9.55,25.79
2025-04-11T16:25:53.746Z,-7.370452155401103,112.89721902995063,-8.72,9.81,15.14
2025-04-11T16:25:54.757Z,-7.3703697020257986,112.8972698893936,-0.47,19.98,0.71
2025-04-11T16:25:55.767Z,-7.370282849060209,112.89722701949746,8.22,11.4,-13.91
2025-04-11T16:25:56.776Z,-7.370272971422498,112.89713087531568,9.2,-7.82,-25.02
2025-04-11T16:25:57.787Z,-7.370349171187516,112.89707126070338,1.58,-19.75,-29.91
2025-04-11T16:25:58.797Z,-7.370440294279475,112.8971041914027,-7.53,-13.16,-27.32
2025-04-11T16:25:59.808Z,-7.3704607614150195,112.89719880540564,-9.58,5.76,-17.9
2025-04-11T16:26:00.816Z,-7.370391619995585,112.89726639178303,-2.66,19.28,-4.03
2025-04-11T16:26:01.825Z,-7.370297645898671,112.89724391498518,6.74,14.78,10.83
2025-04-11T16:26:02.834Z,-7.370266572226937,112.8971523372287,9.84,-3.53,23.01
2025-04-11T16:26:03.847Z,-7.370327594727236,112.89707725925615,3.74,-18.55,29.45
2025-04-11T16:26:04.857Z,-7.370423842605698,112.89708914489655,-5.88,-16.17,28.53
2025-04-11T16:26:05.866Z,-7.370464775735433,112.89717669347584,-9.98,1.34,20.49
2025-04-11T16:26:06.876Z,-7.370412354412615,112.89725807700952,-4.74,17.62,7.32
2025-04-11T16:26:07.884Z,-7.370315564549007,112.8972569260386,4.94,17.39,-7.67
2025-04-11T16:26:08.893Z,-7.370265112851762,112.89717474948596,9.99,0.95,-20.7
2025-04-11T16:26:09.903Z,-7.370307875706414,112.89708792189646,5.71,-16.42,-28.62
2025-04-11T16:26:10.920Z,-7.370404726572321,112.8970782296374,-3.97,-18.35,-29.38
2025-04-11T16:26:11.929Z,-7.370463840412925,112.89715481537709,-9.88,-3.04,-22.77
2025-04-11T16:26:12.938Z,-7.370430466336372,112.89724559205516,-6.55,15.12,-10.48
2025-04-11T16:26:13.948Z,-7.370335861360727,112.89726566054412,2.91,19.13,4.42
2025-04-11T16:26:14.957Z,-7.370268527866608,112.89719632731432,9.65,5.27,18.21
2025-04-11T16:26:15.966Z,-7.370291366166783,112.89710233864763,7.36,-13.53,27.47
2025-04-11T16:26:16.975Z,-7.370382999000229,112.89707163315605,-1.8,-19.67,29.88
2025-04-11T16:26:17.985Z,-7.37045787471899,112.89713292862866,-9.29,-7.41,24.84
2025-04-11T16:26:18.992Z,-7.370445846374316,112.89722885459847,-8.08,11.77,13.61
2025-04-11T16:26:19.999Z,-7.370358611375776,112.89726979571876,0.64,19.96,-0.96
2025-04-11T16:26:21.006Z,-7.370277193579159,112.89721785428361,8.78,9.57,-15.32
2025-04-11T16:26:22.015Z,-7.370277710627123,112.89712120896206,8.73,-9.76,-25.88
2025-04-11T16:26:23.027Z,-7.370359624210429,112.89707014460012,0.54,-19.97,-29.99
2025-04-11T16:26:24.038Z,-7.370446966050447,112.89711271504059,-8.2,-11.46,-26.6
2025-04-11T16:26:25.049Z,-7.370457100923584,112.89720895407392,-9.21,7.79,-16.57
2025-04-11T16:26:26.058Z,-7.370381079139344,112.89726869884132,-1.61,19.74,-2.42
2025-04-11T16:26:27.065Z,-7.37029006542661,112.8972362178957,7.49,13.24,12.33
2025-04-11T16:26:28.074Z,-7.37026901146078,112.89714196073578,9.6,-5.61,24
2025-04-11T16:26:29.084Z,-7.370337657422007,112.89707381068963,2.73,-19.24,29.71
2025-04-11T16:26:30.091Z,-7.370431963835626,112.89709573126689,-6.7,-14.85,28
2025-04-11T16:26:31.096Z,-7.370463602793353,112.89718665800537,-9.86,3.33,19.37
2025-04-11T16:26:32.102Z,-7.370403781446772,112.89726217374564,-3.88,18.43,5.93
2025-04-11T16:26:33.108Z,-7.370307923244385,112.89725211116836,5.71,16.42,-8.97
2025-04-11T16:26:34.118Z,-7.3702650952559035,112.89716563627371,9.99,-0.87,-21.67
2025-04-11T16:26:35.124Z,-7.370315584782575,112.89708306245755,4.94,-17.39,-29
2025-04-11T16:26:36.131Z,-7.370412019349191,112.89708174366424,-4.7,-17.65,-29.11
2025-04-11T16:26:37.137Z,-7.370464729365793,112.89716264788477,-9.97,-1.47,-21.98
2025-04-11T16:26:38.143Z,-7.370424632541446,112.89725027427983,-5.96,16.05,-9.42
2025-04-11T16:26:39.151Z,-7.3703290997899575,112.89726333367517,3.59,18.67,5.48
2025-04-11T16:26:40.156Z,-7.3702669007849435,112.89718940474182,9.81,3.88,19.04
2025-04-11T16:26:41.162Z,-7.370295964184385,112.89709765322286,6.9,-14.47,27.85
2025-04-11T16:26:42.170Z,-7.370389328277079,112.8970730044592,-2.43,-19.4,29.77
2025-04-11T16:26:43.180Z,-7.37046000614118,112.89713879370035,-9.5,-6.24,24.3
2025-04-11T16:26:44.194Z,-7.370441845190945,112.89723399075424,-7.68,12.8,12.73
2025-04-11T16:26:45.207Z,-7.370351171266561,112.89726903921512,1.38,19.81,-2.08
2025-04-11T16:26:46.219Z,-7.3702737391730775,112.89721088351098,9.13,8.18,-16.31
2025-04-11T16:26:47.232Z,-7.370282061987273,112.89711413152907,8.29,-11.17,-26.48
2025-04-11T16:26:48.250Z,-7.370368586220098,112.89707006432556,-0.36,-19.99,-30
2025-04-11T16:26:49.260Z,-7.370451954822365,112.89712061519599,-8.7,-9.88,-25.93
2025-04-11T16:26:50.269Z,-7.370453253991017,112.89721702375006,-8.83,9.4,-15.44
2025-04-11T16:26:51.280Z,-7.370372170155374,112.89726974261312,-0.72,19.95,-1.08
2025-04-11T16:26:52.293Z,-7.370284183334293,112.89722889538645,8.08,11.78,13.6
2025-04-11T16:26:53.303Z,-7.370272261096816,112.8971325901639,9.27,-7.48,24.87
2025-04-11T16:26:54.310Z,-7.370347053126228,112.8970716236323,1.79,-19.68,29.88
2025-04-11T16:26:55.320Z,-7.370438637374572,112.89710234250178,-7.36,-13.53,27.47
2025-04-11T16:26:56.331Z,-7.370461458338984,112.89719637780962,-9.65,5.28,18.2
2025-04-11T16:26:57.342Z,-7.370393856238114,112.8972657461097,-2.89,19.15,4.38
2025-04-11T16:26:58.353Z,-7.370299165710972,112.8972452718167,6.58,15.05,-10.55
2025-04-11T16:26:59.364Z,-7.37026626293996,112.89715415724221,9.87,-3.17,-22.83
2025-04-11T16:27:00.374Z,-7.370325872230393,112.89707797273422,3.91,-18.41,-29.4
2025-04-11T16:27:01.385Z,-7.370422259467388,112.89708801613943,-5.73,-16.4,-28.62
2025-04-11T16:27:02.395Z,-7.370464880456425,112.89717488819232,-9.99,0.98,-20.69
2025-04-11T16:27:03.406Z,-7.370413921082391,112.89725721655633,-4.89,17.44,-7.58
2025-04-11T16:27:04.415Z,-7.370317251016964,112.89725786372755,4.77,17.57,7.39
2025-04-11T16:27:05.425Z,-7.370265195958779,112.89717625726425,9.98,1.25,20.54
2025-04-11T16:27:06.436Z,-7.370306676107027,112.8970887699347,5.83,-16.25,28.56
2025-04-11T16:27:07.446Z,-7.370402757508924,112.89707740210305,-3.78,-18.52,29.44
2025-04-11T16:27:08.456Z,-7.370463496925482,112.89715272702485,-9.85,-3.45,22.97
2025-04-11T16:27:09.464Z,-7.370432019862297,112.89724421817876,-6.7,14.84,10.77
2025-04-11T16:27:10.472Z,-7.370338149034898,112.89726632769941,2.69,19.27,-4.07
2025-04-11T16:27:11.480Z,-7.370269200063748,112.89719867703288,9.58,5.74,-17.92
2025-04-11T16:27:12.491Z,-7.37028975686961,112.89710413292683,7.52,-13.17,-27.32
2025-04-11T16:27:13.499Z,-7.370380788426883,112.89707125423769,-1.58,-19.75,-29.91
2025-04-11T16:27:14.506Z,-7.3704569514387295,112.89713069436534,-9.2,-7.86,-25.04
2025-04-11T16:27:15.510Z,-7.370447487217955,112.89722653192791,-8.25,11.31,-13.99
2025-04-11T16:27:16.517Z,-7.370361561596359,112.89726994086942,0.34,19.99,0.52
2025-04-11T16:27:17.522Z,-7.370278649140201,112.89722043341166,8.64,10.09,14.93
2025-04-11T16:27:18.528Z,-7.370276090841037,112.89712422706637,8.89,-9.15,25.61
2025-04-11T16:27:19.534Z,-7.370356181421111,112.8970703895956,0.88,-19.92,29.97
2025-04-11T16:27:20.542Z,-7.370444372535026,112.89710917236908,-7.94,-12.17,26.9
2025-04-11T16:27:21.552Z,-7.370458703471929,112.89720492362164,-9.37,6.98,17.11
2025-04-11T16:27:22.563Z,-7.370385292925899,112.89726791934007,-2.03,19.58,3.06
2025-04-11T16:27:23.574Z,-7.37029274274959,112.89723912951442,7.23,13.83,-11.79
2025-04-11T16:27:24.584Z,-7.370268037951422,112.89714553857863,9.7,-4.89,-23.67
2025-04-11T16:27:25.594Z,-7.370334051641427,112.8970749095215,3.09,-19.02,-29.63
2025-04-11T16:27:26.603Z,-7.37042914221019,112.89709328118306,-6.41,-15.34,-28.2
2025-04-11T16:27:27.614Z,-7.370464094676767,112.89718342553672,-9.91,2.69,-19.74
2025-04-11T16:27:28.625Z,-7.3704062889309885,112.89726107812129,-4.13,18.22,-6.34
2025-04-11T16:27:29.634Z,-7.370309756088905,112.89725335532549,5.52,16.67,8.65
2025-04-11T16:27:30.646Z,-7.3702650302446315,112.89716754072944,10,-0.49,21.47
2025-04-11T16:27:31.657Z,-7.370313971067388,112.89708399972072,5.1,-17.2,28.93
2025-04-11T16:27:32.667Z,-7.370410770774638,112.89708108972957,-4.58,-17.78,29.16
2025-04-11T16:27:33.676Z,-7.370464632177122,112.89716143091127,-9.96,-1.71,22.1
2025-04-11T16:27:34.686Z,-7.370425321625649,112.89724975776751,-6.03,15.95,9.54
2025-04-11T16:27:35.696Z,-7.3703295126424,112.89726349142983,3.55,18.7,-5.41
2025-04-11T16:27:36.708Z,-7.370266972714098,112.89718976489866,9.8,3.95,-19
2025-04-11T16:27:37.720Z,-7.370296421483311,112.89709721959709,6.86,-14.56,-27.88
2025-04-11T16:27:38.730Z,-7.370390105466324,112.89707320270892,-2.51,-19.36,-29.76
2025-04-11T16:27:39.740Z,-7.370460331109018,112.89713980099914,-9.53,-6.04,-24.21
2025-04-11T16:27:40.750Z,-7.370441264382968,112.89723468186679,-7.63,12.94,-12.61
2025-04-11T16:27:41.760Z,-7.370350774905528,112.89726898306263,1.42,19.8,2.14
2025-04-11T16:27:42.768Z,-7.370273649332609,112.89721068237417,9.14,8.14,16.34
2025-04-11T16:27:43.778Z,-7.3702819138757,112.89711435203554,8.31,-11.13,26.47
2025-04-11T16:27:44.789Z,-7.37036792955044,112.89707004292055,-0.29,-19.99,30
2025-04-11T16:27:45.798Z,-7.370451167273939,112.89711925356266,-8.62,-10.15,26.05
2025-04-11T16:27:46.808Z,-7.370453805768251,112.89721597320442,-8.88,9.19,15.59
2025-04-11T16:27:47.816Z,-7.370373287350689,112.89726965600744,-0.83,19.93,1.24
2025-04-11T16:27:48.827Z,-7.3702851524901,112.89723020278369,7.98,12.04,-13.38
2025-04-11T16:27:49.838Z,-7.370271655183021,112.89713412876998,9.33,-7.17,-24.73
2025-04-11T16:27:50.849Z,-7.370345836752155,112.8970718533244,1.92,-19.63,-29.86
2025-04-11T16:27:51.859Z,-7.370437905740071,112.89710155474404,-7.29,-13.69,-27.53
2025-04-11T16:27:52.867Z,-7.3704617226517595,112.89719539150718,-9.67,5.08,-18.32
2025-04-11T16:27:53.872Z,-7.370395439779641,112.89726525450024,-3.04,19.05,-4.62
2025-04-11T16:32:30.461Z,-7.37038345308671,112.89726828267187,-1.85,19.66,-2.78
2025-04-11T16:32:31.470Z,-7.3702914634562555,112.89723776707707,7.35,13.55,12.04
2025-04-11T16:32:32.477Z,-7.370268521095549,112.8971436975097,9.65,-5.26,23.84
2025-04-11T16:32:33.482Z,-7.370335401831306,112.89707448063857,2.96,-19.1,29.66
2025-04-11T16:32:34.487Z,-7.3704298089437055,112.89709384357667,-6.48,-15.23,28.15
2025-04-11T16:32:35.493Z,-7.370464016643892,112.89718398943289,-9.9,2.8,19.67
2025-04-11T16:32:36.501Z,-7.370406378876324,112.89726103729232,-4.14,18.21,6.35
2025-04-11T16:32:37.513Z,-7.37030983342171,112.89725340652636,5.52,16.68,-8.64
2025-04-11T16:32:38.523Z,-7.370265031624981,112.89716748524432,10,-0.5,-21.48
2025-04-11T16:32:39.532Z,-7.37031387134812,112.89708405896815,5.11,-17.19,-28.93
2025-04-11T16:32:40.541Z,-7.370410607557555,112.89708100589517,-4.56,-17.8,-29.16
2025-04-11T16:32:41.552Z,-7.370464610858596,112.8971611865529,-9.96,-1.76,-22.13
2025-04-11T16:32:42.562Z,-7.370425435849488,112.89724967125012,-6.04,15.93,-9.56
2025-04-11T16:32:43.573Z,-7.370329602667693,112.89726352555195,3.54,18.71,5.4
2025-04-11T16:32:44.582Z,-7.370266969869182,112.89718975078358,9.8,3.95,19
2025-04-11T16:32:45.594Z,-7.370296200974076,112.89709742800794,6.88,-14.51,27.87
2025-04-11T16:32:46.604Z,-7.370389972094771,112.89707316821554,-2.5,-19.37,29.76
2025-04-11T16:32:47.615Z,-7.37046030421484,112.89713971623152,-9.53,-6.06,24.21
2025-04-11T16:32:48.625Z,-7.370441349659371,112.89723458118544,-7.63,12.92,12.62
2025-04-11T16:32:49.636Z,-7.370350869641571,112.89726899663111,1.41,19.8,-2.12
2025-04-11T16:32:50.645Z,-7.370273591172118,112.89721055152508,9.14,8.11,-16.36
2025-04-11T16:32:51.654Z,-7.370281947164592,112.89711430236513,8.31,-11.14,-26.47
2025-04-11T16:32:52.664Z,-7.370367922828352,112.89707004272375,-0.29,-19.99,-30
2025-04-11T16:32:53.675Z,-7.370451210398734,112.89711932685968,-8.62,-10.13,-26.04
2025-04-11T16:32:54.684Z,-7.370453728897276,112.89721612139188,-8.87,9.22,-15.57
2025-04-11T16:32:55.695Z,-7.370373158400674,112.89726966664688,-0.82,19.93,-1.22
2025-04-11T16:32:56.706Z,-7.370284903043188,112.89722987050618,8.01,11.97,13.44
2025-04-11T16:32:57.714Z,-7.370271654806162,112.89713412975067,9.33,-7.17,24.73
2025-04-11T16:32:58.725Z,-7.370345751184149,112.89707187007038,1.92,-19.63,29.86
2025-04-11T16:32:59.736Z,-7.370437981445375,112.89710163547242,-7.3,-13.67,27.53
2025-04-11T16:33:00.745Z,-7.370461726567819,112.89719537658523,-9.67,5.08,18.32
